,ID,RA,Dec,M,Axis_maj,Axis_min,R_eff,PA,Area,V_cen,V_RMS,V_disp,V_disp_nt,V_grad_abs,V_grad_PA,j,M_vir,virial,m_lin,m_lin_vir,virial_lin,id_unresolved,id_resolvedLeaves,id_resolvedBranches,id_SCIMES,abundance_pNH3
0,0,66.6456833526,24.6982543396,15.6106967976,0.0194520593398,0.0102610910325,0.0141279634645,15.6859915938,0.00246071512376,6.47898357712,0.214976234227,0.229764875687,0.212537894996,0.689416506636,29.8013749991,5.50428350978e-05,0.693465674106,0.0444224676898,340.799523492,24.5423084455,0.0720139165514,False,True,False,0,2.00583675813e-10
1,1,68.2827179471,24.2502658199,0.0681578302061,0.00471202620644,0.00398632411305,0.00433401242362,89.6316824472,0.000241246580761,6.69109361346,0.21181458016,0.226150912421,0.20945230943,10.8338217848,0.526474181849,8.1399545945e-05,0.206093819982,3.02377319465,6.14257312229,23.7763300884,3.87074433061,False,False,False,1,7.320983438e-09
2,2,67.4645252351,24.4890493908,2.27112549763,0.0121347610091,0.00538741733336,0.0080854821623,59.9089121686,0.000868487690738,6.35783124041,0.252436369725,0.265964415509,0.250225138653,9.9513849685,284.063070407,0.00026022880369,0.531778923833,0.234147749382,79.4789610967,32.8847997657,0.413754776257,False,True,False,2,3.70225933672e-10
3,3,67.4150947439,24.5208815395,8.10418256264,0.0147292651172,0.011634406732,0.0130906936882,168.989221263,0.00173697538148,6.44078190888,0.232260895192,0.242570049131,0.230584659883,4.25190716434,88.2834475012,0.000291453373552,0.716168379098,0.0883702179168,233.652489421,27.3541034631,0.117071739877,False,True,False,3,5.80363363821e-10
4,4,68.1942922665,24.3974363337,11780.6540129,0.0860417459802,0.0391376586814,0.0580299275075,174.599801123,0.0643163384308,6.21678342334,0.182250745572,0.206093090353,0.178179254455,1.20146538095,115.705589909,0.00161836064554,2.29169606811,0.000194530462027,58143.6729395,19.7458119159,0.000339603793803,False,False,True,4,2.31679597602e-11
5,5,67.4607814013,24.4706547221,0.660980310648,0.0111918853019,0.00432893370461,0.00696052652475,178.068941121,0.000482493161521,6.46021745315,0.207576472784,0.22274974217,0.205068577636,9.42517761044,311.175518719,0.000182655906236,0.321110599522,0.485809629045,25.0800009225,23.0665452089,0.91971867466,False,True,False,5,3.70176104597e-09
6,6,68.1944225915,24.3976118936,11525.2366841,0.0853081532947,0.0385822512938,0.0573705552338,175.11019086,0.0633996014239,6.21559236165,0.178202613931,0.202787320256,0.173987489282,1.31655884114,114.117913586,0.00173331849551,2.19355624226,0.00019032635098,57372.2111615,19.1174395412,0.000333217757416,False,False,True,6,2.36784301089e-11
7,7,67.3875738191,24.540076005,1.51040756507,0.00771316435301,0.00632367273313,0.00698394781662,29.0383248918,0.00067549042613,6.52206621059,0.308126182963,0.327210027962,0.304991927526,24.0211047286,288.704779095,0.000468656817916,0.695236115259,0.460297029316,83.1579630372,49.7738623995,0.59854595497,False,True,False,7,1.25432605902e-09
8,8,67.3484761295,24.5776002146,2109.72235896,0.0391038019037,0.0230188930632,0.0300021038327,15.2406043623,0.0196857209901,6.34353223441,0.134061212521,0.17331614933,0.126728150967,0.827056101722,82.0389958868,0.000297781957788,0.837930312111,0.000397175632401,22911.2401453,13.964525901,0.000609505457254,False,False,True,8,5.51503440534e-11
9,9,66.7454618289,24.6888549789,430.860758295,0.0409188526928,0.0218256686252,0.0298844661889,32.5564912921,0.0147160414264,6.63789037463,0.0936931496678,0.122432844632,0.0882833280199,1.03255701802,126.704451628,0.000368862953601,0.41650432111,0.000966679636267,4471.5260916,6.9685755549,0.00155843338765,False,True,False,9,4.29640474512e-11
10,10,68.911138096,24.1429348654,10461.0753337,0.0828529683965,0.0514522914632,0.0652914625241,54.9486743733,0.0630618562108,5.95463468209,0.227749399232,0.244040750164,0.225059100912,1.61680792358,148.05324089,0.00275696475399,3.61542392875,0.000345607293076,53617.9904435,27.6868045912,0.000516371545486,False,False,True,10,1.4381425655e-11
11,11,68.2166494412,24.2501515233,0.173720871731,0.00579047353908,0.00476303435393,0.00525168776606,87.9081991524,0.000385994529217,6.57263590763,0.155347175224,0.207397121884,0.145396953272,6.02581155543,53.5962928011,6.64772939374e-05,0.210030553417,1.20901162494,12.7403158421,19.9964813954,1.56954361597,False,False,False,11,6.8782313626e-09
12,12,68.2070594738,24.2683137903,0.178353868845,0.00713491626576,0.00515612123902,0.00606535186914,24.9016174719,0.000385994529217,6.53176601456,0.216089862832,0.216089862832,0.216089862832,2.95975663078,31.825965921,4.35539947883e-05,0.263331562981,1.4764555694,10.6153893987,21.7078554272,2.04494198112,False,False,False,12,2.92976169312e-22
13,13,68.253702056,24.3265835977,0.380255295459,0.0108878162999,0.0038903447294,0.00650825312637,132.854644022,0.000482493161521,6.50036878697,0.265299068569,0.282633335594,0.262446626643,13.4362883043,72.6063106015,0.000227650273626,0.483380728931,1.27120051898,14.8312160682,37.1359810033,2.50390668119,False,True,False,13,2.11982743944e-10
14,14,68.1329332331,24.4365110253,0.049440268307,0.00450337783084,0.00338122380889,0.00390216969673,15.2867110697,0.000192997264609,6.51680309957,0.241031974189,0.257527814836,0.238312701026,10.4574241883,354.483593077,6.36937795032e-05,0.240620467452,4.8668924278,4.66213354314,30.8316252435,6.61320079276,False,False,False,14,8.17196878467e-10
15,15,68.7523919533,24.0528060921,0.480463135872,0.00768098503112,0.00540086118092,0.00644080227036,77.0492155511,0.000627241109978,6.48475095733,0.210685350985,0.227626410911,0.207873604842,2.44844624484,144.236094682,4.06284728576e-05,0.310286868744,0.645807858247,26.5635080577,24.0875946598,0.906792679921,False,True,False,15,2.74786568166e-09
16,16,68.1815290249,24.2639617489,1.98702952662,0.019824384921,0.00587138418031,0.0107887246702,7.27622489319,0.00135098085226,6.35636396523,0.201000029743,0.221760894613,0.197509343754,4.66641328943,28.6287003143,0.000217261819121,0.49330801129,0.248264056815,42.5644352018,22.8622022699,0.537119831652,False,True,False,16,3.87973427209e-10
17,17,68.1941835619,24.3999030757,10332.2341265,0.0801720939306,0.0369191188862,0.0544048073903,176.644324895,0.0592019109187,6.21063216976,0.162249996745,0.18979994238,0.157441571359,1.44490990331,113.669721881,0.00171070574256,1.8222483186,0.000176365372318,54728.4675945,16.7471259068,0.000306003925249,False,False,True,17,2.61860759723e-11
18,18,68.1937957332,24.4021181812,8819.29136332,0.0737902570402,0.0355670194096,0.0512298692599,178.943999456,0.0535084916127,6.20622822745,0.153678772261,0.183367676117,0.14842911564,1.54278344808,112.586789754,0.00161961375795,1.60157373591,0.000181598914237,50754.7792785,15.6312494942,0.000307975913134,False,False,True,18,3.01650275337e-11
19,19,68.1935365083,24.4028335317,8250.16982317,0.0722923270429,0.0349045563599,0.0502327741983,0.144093923693,0.0512890230697,6.20500595649,0.151610827752,0.182703928932,0.146076455753,1.60529687356,112.232951017,0.00162027853372,1.55905366843,0.00018897231231,48463.2973755,15.5182915269,0.000320207092115,False,False,True,19,3.21619038105e-11
20,20,68.1938751715,24.4016007769,9166.64423108,0.0754468664108,0.0358078750312,0.0519768406498,178.349236709,0.054859472465,6.20724626139,0.155437347557,0.184878300005,0.150242461041,1.53799277573,112.391068523,0.0016620115694,1.65180921498,0.000180197809944,51595.4548632,15.8898578129,0.000307970108123,False,False,True,20,2.92420406441e-11
21,21,67.9876175107,24.5333180363,1806.51907006,0.0510581331934,0.0275408588403,0.0374991311756,137.915876085,0.0251861430314,5.84276292041,0.172992404994,0.198288944765,0.16863507451,0.739413115486,315.684919102,0.00041590060508,1.3708702048,0.000758846240553,15025.1873,18.27869289,0.00121653677422,False,False,True,21,8.32820573024e-11
22,22,67.423542592,24.5024513787,0.403006195346,0.00739567401404,0.00412403760448,0.00552268392581,50.7768624896,0.000385994529217,6.51442530603,0.171197630107,0.171197630107,0.171197630107,9.32527953968,224.500941276,0.000113768551175,0.150495603839,0.373432482124,23.1406864816,13.625223339,0.588799444209,False,False,False,22,1.29659131496e-22
23,23,67.3764770711,24.5451441438,0.244447567454,0.0044207228659,0.00418141585048,0.00429940468694,177.345343584,0.000241246580761,6.46555067417,0.197639519733,0.197639519733,0.197639519733,18.6853991875,118.234174028,0.000138158949642,0.156147139933,0.63877559331,23.4819795725,18.1591582211,0.773323141902,False,False,False,23,1.33600821386e-22
24,24,68.2501435255,24.3150305522,0.485324316894,0.00737489632082,0.00510596953979,0.00613644815616,89.6259965192,0.000530742477674,6.40949282118,0.200332568445,0.208895149385,0.198941631229,10.2830409689,138.86764185,0.000154887259727,0.24897280331,0.513002943894,27.9459198215,20.2863934457,0.725916111376,False,True,False,24,7.72993531891e-11
25,25,68.1932177971,24.4045915961,7013.63545574,0.066663666925,0.0335234486507,0.0472736291713,3.34575474622,0.0463675928222,6.20116017922,0.146085007439,0.179123237843,0.140135421517,1.64605476946,112.301477918,0.00147143865572,1.41026567206,0.000201074846413,44678.2615374,14.9159869549,0.000333853342579,False,False,True,25,3.72641038784e-11
26,26,68.0513801761,24.4829764844,2.69758551178,0.0140309400786,0.00651388817542,0.00956012419731,48.9220835421,0.000964986323043,5.86729013903,0.353718534332,0.358418484927,0.352967881452,12.9604143627,337.70324804,0.000473811881111,1.1418852478,0.423298999351,81.6452130245,59.7212559291,0.731472841049,False,False,True,26,4.12247951168e-10
27,27,68.911485882,24.1441234556,10013.3377072,0.0789882273213,0.0502299460214,0.0629886846559,55.8506069396,0.0613731301455,5.95165155604,0.222170025438,0.238822951432,0.219414655564,1.64660683811,146.98092886,0.0026132140516,3.34035627597,0.000333590694096,53834.2630086,26.5155265126,0.000492539974186,False,False,True,27,1.4982103873e-11
28,28,68.7664946348,24.0784366157,4.36207243192,0.0155692163146,0.00855511879192,0.0115410785921,54.8532396971,0.00159222743302,6.2682368572,0.217097755169,0.223770464463,0.216021258247,11.3032920223,305.102453657,0.000602223552044,0.537316347215,0.123179143767,118.978474446,23.2784285684,0.195652437776,False,True,False,28,2.11414831396e-10
29,29,68.1930250652,24.4081737151,4822.1178754,0.0561113458923,0.0308410309827,0.0415996605412,8.82365125326,0.0362834857464,6.19425811538,0.136021462673,0.175715110883,0.128610484309,1.81779139136,110.679331957,0.00125829829225,1.19422494123,0.000247655692392,36494.6676114,14.3537822868,0.00039331176926,False,False,True,29,5.25972605057e-11
30,30,67.9868905606,24.5338942495,1633.68535406,0.0476573131984,0.0275064256264,0.0362061091674,139.634306772,0.0239316608115,5.84234453141,0.167702531769,0.19440007057,0.163070388663,1.19914305181,300.105827543,0.000628774180401,1.27219247271,0.000778725517457,14557.3102311,17.5687543064,0.0012068681664,False,True,False,30,9.13652005389e-11
31,31,67.4110814575,24.4929482527,0.6997330283,0.00698521590587,0.00556931907847,0.00623721862786,45.8308067413,0.000482493161521,6.47913262976,0.161957182441,0.161957182441,0.161957182441,0.996135837094,229.937973618,1.55010276333e-05,0.152114117216,0.217388791245,42.5397384508,12.1940664815,0.286651186058,False,True,False,31,9.33453030707e-23
32,32,67.4993299077,24.5190121258,0.0794140723065,0.00450892528272,0.00388647231085,0.00418614539439,85.1773265056,0.000241246580761,6.35767546977,0.255976815523,0.255976815523,0.255976815523,27.889470507,56.8202299153,0.000195491949267,0.255031426874,3.21141353752,7.47939903973,30.4613675407,4.07270254988,False,False,False,32,4.11241922862e-22
33,33,67.4513619168,24.5243449572,0.112093290635,0.00457393506932,0.00382241339303,0.00418132403287,2.42856345612,0.000241246580761,6.29806233271,0.229040588832,0.24040541235,0.227187160975,27.6000907398,229.791273368,0.000193018150751,0.224688287912,2.00447579545,10.407152043,26.8680788843,2.5816937019,False,False,False,33,4.70454298054e-10
34,34,68.196706648,24.2406901484,0.781690700288,0.0119646820426,0.00581148201832,0.00833861706431,143.317281339,0.000916737006891,6.17926711476,0.191559043518,0.206962345122,0.189002521288,5.02486466094,292.199599899,0.000139756630249,0.332089261411,0.424834606947,27.7444461322,19.9127300636,0.717719502085,False,True,False,34,1.26026306768e-10
35,35,68.2279746101,24.2664539615,0.514041502904,0.0114747992821,0.00447184047691,0.0071633422293,39.7285298186,0.000578991793826,6.46296140011,0.19009145688,0.220200462761,0.18486975492,11.7039952559,216.586469804,0.000240229052644,0.322946277803,0.628249423399,19.0237164039,22.5415921413,1.18492053091,False,True,False,35,1.44168659196e-09
36,36,68.2211170595,24.2749548924,0.38833133438,0.0108370930468,0.00386715408988,0.00647369359008,12.6089134825,0.000482493161521,6.45375191578,0.120071902945,0.171841322104,0.109645306246,7.65143333598,118.542450838,0.00012826467632,0.177740124103,0.457702246426,15.2171004992,13.7278758741,0.902134797285,False,True,False,36,3.81334857095e-09
37,37,68.139805969,24.4449886126,0.439561551557,0.00825917175452,0.00517455053469,0.00653739257032,139.038007507,0.000578991793826,6.36649841481,0.174084835021,0.174084835021,0.174084835021,2.50837197517,195.083595338,4.28806205394e-05,0.184206340243,0.419068363898,22.6008865902,14.0886705412,0.62336804731,False,True,False,37,1.78314389957e-22
38,38,68.8996508818,24.0689345524,0.430172302516,0.00641223528444,0.00566264639123,0.00602579629536,101.375840509,0.000530742477674,6.11325584657,0.220605252088,0.220605252088,0.220605252088,15.7255335357,53.0269476375,0.000228399039167,0.272661782881,0.63384318629,28.4888730841,22.6245436716,0.794153689575,False,True,False,38,1.67022540351e-22
39,39,68.9117541568,24.1457088525,9022.22078388,0.0747837872096,0.047981977866,0.0599022038211,58.5766614518,0.0574649355372,5.9473875007,0.217855885407,0.234909442528,0.215028891502,1.7122924883,145.52897114,0.00245766986196,3.07341974857,0.00034065002644,51232.8212082,25.6536450458,0.000500726769302,False,False,True,39,1.6481312475e-11
40,40,68.2271632971,24.2963600442,9.68284258614,0.0142492341276,0.0137587091904,0.0140018237579,143.544047145,0.00217121922685,6.46183123696,0.0854862356955,0.109717001075,0.0809829517557,0.796309864986,280.030439595,6.24469599704e-05,0.156715009099,0.0161848142944,288.571625096,5.59623559788,0.0193928824292,False,False,True,40,3.77964745129e-11
41,41,68.2199899334,24.2971592544,0.473422596944,0.00896322126414,0.00386606867225,0.00588663137386,12.1222215495,0.000482493161521,6.48833226798,0.0715973518959,0.0987973178274,0.0662692268319,2.50744300957,265.656530696,3.47555962758e-05,0.0534238617897,0.11284603256,22.429889907,4.53772781042,0.202307181588,False,True,False,40,6.76071276625e-11
42,42,68.2365945008,24.3246480598,0.190582057493,0.00743518757912,0.00372666716167,0.00526388348959,71.7161941789,0.000337745213065,6.36996555135,0.130108009476,0.150512094923,0.126572499499,3.23955672114,82.9967820435,3.59052633005e-05,0.110873357151,0.581761780775,10.885098355,10.5315170226,0.967516937298,False,False,False,42,2.29432245477e-09
43,43,68.2295021269,24.3426498014,2.27889862006,0.0126937193885,0.00753449310954,0.00977960844138,154.136276284,0.00115798358765,6.30626040509,0.142226979142,0.146721111297,0.141501589007,4.21548986462,178.394776545,0.000161269030182,0.195742355812,0.0858934022288,76.2392100942,10.0076785786,0.131266818822,False,True,False,43,2.80949530821e-10
44,44,68.1934555983,24.4110107943,2248.02083888,0.0512579486824,0.0230680228616,0.0343863276906,12.5572405814,0.0226771785915,6.19053512445,0.116955971891,0.173140527798,0.105334881156,1.66218740677,109.94612663,0.000786161142275,0.958432209265,0.000426344895336,18624.3612458,13.9362396864,0.00074828014247,False,True,False,44,1.07467992394e-10
45,45,67.3246823365,24.5152007611,0.166875251112,0.00474297862972,0.0038636058221,0.00428077094083,0.0567905770749,0.000241246580761,6.34563074109,0.130966233028,0.130966233028,0.130966233028,4.90750487663,358.742901718,3.59720104471e-05,0.0682682532134,0.409097530991,14.9411160963,7.97382692942,0.533683486428,False,False,False,45,1.95705448112e-22
46,46,67.4315758277,24.5241983422,0.109314135533,0.00444951855315,0.00421284614357,0.00432956546057,0.76581434142,0.000241246580761,6.3076733089,0.143442732999,0.180612481102,0.136626373791,7.41408502468,300.611492959,5.55912160363e-05,0.131316094005,1.20127276646,10.4329128286,15.1650431436,1.4535770971,False,False,False,46,9.77751574419e-09
47,47,68.912614077,24.1474493635,7755.79584614,0.0668094630627,0.0460861278187,0.0554886425695,61.9458339665,0.0522540093928,5.94290635674,0.215734413051,0.232955748361,0.212877094996,1.75933806962,142.40435798,0.0021667933451,2.79981342873,0.0003609962774,49298.154698,25.2287071649,0.000511757637166,False,False,True,47,1.87378789256e-11
48,48,68.9124065491,24.1502933854,5448.91438176,0.0598434910654,0.0396612136848,0.0487182254068,69.8596155214,0.0419286557362,5.93618347026,0.213660117992,0.233089743018,0.210416019335,2.30090150176,140.47783413,0.00218444412118,2.46102437495,0.000451654073184,38666.5424254,25.257738294,0.000653219468556,False,False,True,48,2.62841632918e-11
49,49,68.2322607836,24.292959321,0.848387459391,0.012384592711,0.00416415566703,0.0071813210429,12.0953203611,0.000627241109978,6.44407658808,0.0757235353815,0.104218559083,0.0701526204465,1.08387867467,283.863004353,2.23588440996e-05,0.0725224721108,0.0854827252667,29.0907412609,5.04938239619,0.173573521242,False,True,False,40,2.49519317415e-10
50,50,68.1842425022,24.3149261173,0.71436162602,0.0107963313981,0.00507510401982,0.00740219594971,36.5354507855,0.000723739742282,6.34542415248,0.0889228412386,0.134263648599,0.0793940341648,2.807060248,298.011551304,6.15223449325e-05,0.124066804307,0.173675068463,28.0985679253,8.38040529793,0.298250263865,False,True,False,51,1.38237631134e-09
51,51,68.1996296277,24.3210278161,17.1439765578,0.0295841640472,0.012664684174,0.0193565000506,76.0946892735,0.00323270418219,6.35457482668,0.102251798318,0.12927177487,0.0972827745738,0.361964437089,334.407917765,5.42474790408e-05,0.3007546736,0.0175428770907,246.090324049,7.76882888986,0.0315690140191,False,False,True,51,3.13439133676e-10
52,52,68.2085513368,24.3231506748,5.11752745511,0.0148494876406,0.0116069076229,0.0131284664486,50.1622820548,0.00168872606532,6.35229966761,0.0995672589088,0.125647412914,0.094777167686,0.974241290819,230.743130995,6.71667787805e-05,0.192707771388,0.0376564215979,146.349414081,7.33931004594,0.0501492273955,False,False,True,51,6.86411923834e-10
53,53,68.0583381481,24.4860493293,0.100930806881,0.00670462294565,0.00152360824263,0.00319612558947,28.3848556282,0.000192997264609,5.89521594423,0.286486267043,0.286486267043,0.286486267043,39.0489988446,253.116621844,0.000159557626593,0.243898754151,2.41649464308,6.39280801471,38.1553770843,5.96848474044,False,False,False,26,2.58857701086e-22
54,54,67.3368423187,24.5295942226,2.52358208813,0.0106042123456,0.00664547371546,0.00839464200643,56.6624238231,0.000820238374586,6.38240521848,0.0786465376614,0.110965952773,0.0722080950846,1.90403178635,27.5780514408,5.36708589731e-05,0.0961080579584,0.0380839832437,101.060465992,5.72436906093,0.0566430107433,False,True,False,8,2.74490045735e-10
55,55,67.3490683631,24.5801928838,1329.01488185,0.0305911843683,0.0213545483272,0.0255589695602,21.5001152061,0.0150055373233,6.33925881064,0.113871174107,0.162987311282,0.103978011555,1.66667120475,34.0829006944,0.000435508469139,0.631290218591,0.000475006132145,18449.1273445,12.3496805516,0.000669391040613,False,True,False,8,8.50079306065e-11
56,56,68.9117785954,24.1466248061,8300.60599471,0.0719219938347,0.0464219283361,0.0577819837283,59.4491053701,0.0545217272519,5.94447448144,0.215920007939,0.233215171289,0.213049994958,1.72215560084,144.823833034,0.0022999440703,2.922026662,0.000352025703167,49010.6381305,25.2849285665,0.000515906944512,False,False,True,56,1.78744242992e-11
57,57,68.9997948855,24.1090673698,0.157863502699,0.00768520066196,0.00402360654923,0.00556077545992,83.5499010372,0.000385994529217,6.25257249911,0.115073219216,0.115073219216,0.115073219216,6.85775169772,229.085232229,8.48227728732e-05,0.0684639596429,0.433690868836,8.72305878593,6.15597232225,0.705712580107,False,False,False,57,3.31003888694e-22
58,58,68.9119231895,24.151138535,4557.31094392,0.0563169027084,0.0371887528776,0.0457641276291,73.1102734428,0.0374414693341,5.93236293591,0.212367845051,0.232635194091,0.208975241637,2.39878702761,137.300771503,0.00200956500444,2.30278902752,0.000505295569219,34364.6698346,25.1593239817,0.000732127621267,False,False,True,48,3.05208691183e-11
59,59,68.9120461066,24.1524942495,3614.16083867,0.0526199704613,0.0325566014409,0.0413899432972,80.5945311805,0.0323752911381,5.92631303842,0.210788065204,0.232439240989,0.207148862115,2.45020213673,131.640379663,0.00167900337241,2.07917889066,0.000575286763226,29167.4963243,25.1169574663,0.000861128332272,False,False,True,48,3.7726592676e-11
60,60,68.990274136,24.1250247917,2.24192423335,0.0120815995544,0.00725493757902,0.00936222466201,6.78765068336,0.00125448221996,6.29554255241,0.0911042434727,0.104988542499,0.0887043936272,2.65959131553,204.017827527,9.324660198e-05,0.0959491209981,0.0427976644219,78.8022776868,5.12426930895,0.0650269187563,False,True,False,48,5.36473405691e-11
61,61,68.9116685904,24.1536541625,2582.28555307,0.0491117109603,0.0272215134679,0.0365635761563,85.9660611577,0.0260546307222,5.92058258755,0.20967621933,0.234043182182,0.20554921509,2.33538122811,102.349453907,0.00124886388945,1.86216767407,0.000721131585103,22328.5991458,25.4647913283,0.00114045628936,False,False,True,48,4.98138690038e-11
62,62,68.9122009846,24.1510031334,4914.67072939,0.0574608893422,0.0376505570305,0.0465127347207,72.6367928446,0.0392749433478,5.93326992462,0.212451815838,0.232814740464,0.209042418358,2.31564130667,138.769538015,0.00200389530884,2.34407201962,0.000476954031855,36321.5487916,25.1981745827,0.000693752756173,False,False,True,48,2.90099192166e-11
63,63,68.9121620667,24.1518907135,4028.52604643,0.0538117919773,0.0351062479674,0.043464124433,78.068516771,0.0347395076295,5.92896708236,0.211451466007,0.232624480249,0.207897828985,2.39035551825,132.576065896,0.00180627703586,2.18685453452,0.00054284234713,31791.4983737,25.1570066468,0.000791312392739,False,False,True,48,3.41040971463e-11
64,64,68.9119878762,24.1534329473,2866.34108029,0.0503281863277,0.0279317371227,0.0374933816875,85.967274296,0.0278881047359,5.92193353,0.209559657793,0.232726321715,0.205648459098,2.19660888467,107.014623407,0.00123515640079,1.88809461043,0.00065871246915,24185.7112703,25.1790386123,0.00104107083438,False,False,True,48,4.62451863297e-11
65,65,68.910691492,24.1539921392,2322.81031038,0.046231247517,0.0257376859434,0.0344947145134,80.7105333168,0.0241729073922,5.91581225947,0.206407011453,0.232629137034,0.20193863987,2.51218319133,103.835058998,0.00119568396962,1.73563701207,0.000747214270712,21336.3638285,25.1580138661,0.00117911440151,False,False,True,48,5.53266706385e-11
66,66,68.9119962787,24.1498983962,5687.44908222,0.0618719292591,0.0401898551325,0.0498660593359,66.9255216967,0.0430866393239,5.93712032082,0.21358452514,0.232519344755,0.210427133842,2.30674554377,141.740911351,0.00229440341586,2.5066942159,0.000440741390324,39036.0746093,25.1342721811,0.000643872941444,False,False,True,66,2.51817912218e-11
67,67,68.2092344303,24.3186062316,0.716184315008,0.0148508461251,0.00386500663203,0.00757618761415,77.1259286197,0.000627241109978,6.34472273708,0.0698110644571,0.106951110549,0.0619119354698,2.54534376262,355.639238608,5.84396865023e-05,0.0805748390115,0.112505729772,20.4793365521,5.3176375187,0.259658681089,False,True,False,51,2.60287777266e-09
68,68,68.2087673413,24.3297178601,0.212306105881,0.00577207809896,0.0037393018246,0.00464580909715,48.8070898467,0.000337745213065,6.32747416788,0.0913178087793,0.114806625541,0.087014833858,6.73520767668,160.962563484,5.81478555578e-05,0.0569342223167,0.268170442298,15.6196954518,6.12748190101,0.392292021309,False,False,False,51,1.99988146837e-09
69,69,68.177511238,24.3248284408,0.17072050592,0.00691336746761,0.00321367435111,0.00471352434071,170.467785216,0.000337745213065,6.3829731687,0.05986701508,0.0838606169608,0.0551134356448,2.88034022732,26.8613637643,2.55973666651e-05,0.0308205219335,0.180532044276,10.4866874293,3.26937125023,0.311763964766,False,False,False,51,3.23124204823e-09
70,70,68.1534086709,24.3361422033,0.115632491615,0.00443002838872,0.00412285039949,0.00427368041765,84.5181100991,0.000241246580761,6.0921654223,0.156600224513,0.183736752224,0.151854738543,21.8778979285,158.86081953,0.000159834184237,0.134144305777,1.16009180381,11.0844883297,15.6942368951,1.41587382549,False,False,False,70,5.63714817184e-09
71,71,67.5237384671,24.4277109213,165.495379744,0.0219078945573,0.0170105262246,0.019304528352,8.36825274447,0.00738214537128,6.20468137968,0.0866315579349,0.123396098577,0.0792541161339,1.40660884697,44.4203546474,0.000209677450233,0.273300346041,0.00165140770977,3207.94938775,7.07865898242,0.00220659933397,False,True,False,71,1.09853399742e-10
72,72,68.8645370969,24.0686218631,0.155659440357,0.00718208300148,0.00318511821587,0.00478286351424,59.2507651039,0.000337745213065,6.26153041397,0.0946708497853,0.129001648179,0.0880086807436,6.59153045446,209.870208744,6.03145691694e-05,0.0740042453892,0.475424074631,9.20380313681,7.73639527543,0.840565053428,False,False,False,48,1.2896281187e-09
73,73,68.804590626,24.0736808801,3.80358329653,0.0138223242367,0.00966116051377,0.0115559375701,129.537203962,0.00149572880072,6.05378167123,0.135726831927,0.168551449096,0.129764315021,1.65026189164,78.2428992981,8.81501866338e-05,0.305244815866,0.0802519077589,116.856838171,13.2072717603,0.113020957669,False,True,False,73,7.61290088373e-10
74,74,68.0489195243,24.4804704704,0.704474878608,0.00650772100747,0.00522150073484,0.00582924266287,39.3773449126,0.000482493161521,5.77841923093,0.24764048739,0.260806113059,0.245489019322,15.2660494146,13.1292709615,0.00020749657123,0.368659811435,0.523311508515,45.9704612006,31.6215872933,0.687867523349,False,True,False,26,1.57858588589e-09
75,75,68.7830963322,24.0718800821,0.211926078199,0.00695684558101,0.00382750663802,0.00516017176468,28.0667109294,0.000337745213065,6.09237444403,0.118752967325,0.118752967325,0.118752967325,1.93511311331,251.596745985,2.06107911882e-05,0.0676598806332,0.319261702988,12.9364261552,6.55597175043,0.506783842135,False,False,False,75,2.1574387874e-22
76,76,68.8290420142,24.0789434035,1.9467826383,0.0133288012598,0.00814705379525,0.010420674685,130.871688328,0.00106148495535,6.08426832298,0.114464442282,0.114464442282,0.114464442282,3.72859877355,185.961855401,0.000161956103717,0.126944871374,0.0652075218245,62.025267798,6.09101018947,0.0982020780516,False,False,True,76,7.38125246664e-23
77,77,68.8330068368,24.0748283309,0.248912543524,0.00795432409743,0.00309752255251,0.00496373833736,10.3020266119,0.000385994529217,6.12339534977,0.110615120322,0.110615120322,0.110615120322,11.067818542,141.802139877,0.000109078656677,0.0564697675988,0.226865897553,13.2888003425,5.68822969311,0.42804689261,False,False,False,76,2.09926878478e-22
78,78,68.844736945,24.0899501508,1.44781080908,0.00886835722393,0.00664682243816,0.0076776556178,10.2362755067,0.000820238374586,6.16434279056,0.0965488893581,0.0965488893581,0.0965488893581,4.60216014108,140.980712035,0.000108512301258,0.0665428382702,0.045961003919,69.328357654,4.33353888105,0.0625074504531,False,True,False,48,7.6694099129e-23
79,79,68.9537961652,24.1172949346,0.0744529935131,0.00448086538865,0.00407292582732,0.00427202906945,83.9330969002,0.000241246580761,6.07194084525,0.169761199389,0.169761199389,0.169761199389,17.4626328838,138.654152165,0.00012747884317,0.114469344971,1.53747135703,7.05606451016,13.3975381617,1.89872671124,False,False,False,79,4.38644495763e-22
80,80,68.9119764558,24.153624198,2700.3890653,0.0501068289961,0.0272605264341,0.0369586057147,86.5716372541,0.0268748690967,5.92137187998,0.209702021326,0.233595693502,0.205660356641,2.19385839522,103.241170907,0.00119867029015,1.87509541297,0.000694379723671,22886.095053,25.3675074682,0.0011084244564,False,False,True,48,4.8191955715e-11
81,81,68.9600991971,24.1627954846,17.1726747843,0.0124167682962,0.0103168695432,0.0113182232996,164.288779472,0.002219468543,6.20491213729,0.0896247610223,0.112788322469,0.0853784987024,3.83119223234,134.500128148,0.000196313628731,0.133870430871,0.00779554918223,587.315745757,5.91393310273,0.0100694271275,False,True,False,48,1.29011573041e-10
82,82,68.903675187,24.1538684523,626.706153051,0.025905653303,0.0219037348455,0.023820801014,63.8118942025,0.0110008440827,5.88054239843,0.181456827679,0.223257230604,0.17391183764,4.1172069927,76.4904964037,0.000934491629363,1.1039402199,0.00176149574171,10273.3405704,23.1717694811,0.00225552431775,False,False,True,48,1.88355981394e-10
83,83,67.7388734917,24.2496567944,7.86406780023,0.0125520815702,0.0115046856316,0.0120169776769,111.862089163,0.00202647127839,6.216158168,0.0731524118844,0.0917076542884,0.0697598990158,1.87305780725,200.591508724,0.000108193627289,0.093968988764,0.0119491580123,266.056437903,3.9098428611,0.0146955393822,False,True,False,83,9.82938128744e-11
84,84,68.202086324,24.3209016799,10.0578312606,0.0279483619221,0.0108795078045,0.017437443094,66.5728073355,0.00246071512376,6.34864217554,0.0982910540426,0.129106028591,0.092469109567,0.230569996922,148.279277198,2.80432531061e-05,0.270242702958,0.0268688841517,152.823542522,7.74891999651,0.050705014873,False,False,True,51,4.47437259453e-10
85,85,68.8568978558,24.0786719476,0.263143525177,0.0071592241307,0.00515574952846,0.00607545606815,174.989326738,0.000385994529217,6.15014561988,0.0761182835189,0.0761182835189,0.0761182835189,4.40496130743,79.5111576607,6.50369039851e-05,0.0327291695558,0.124377635869,15.6087816541,2.69355659795,0.172566742084,False,False,False,48,1.98573889443e-22
86,86,68.8982744505,24.0890960311,1.24608916018,0.00977456176338,0.00714197465279,0.00835521827101,65.1988918786,0.000820238374586,6.10688169779,0.0891379289019,0.119420938121,0.0833340521791,2.43405444075,52.5062011185,6.79682172024e-05,0.110789062,0.0889094179943,54.1369891797,6.62993224156,0.122465847141,False,True,False,48,4.53943773952e-10
87,87,68.876096895,24.0916032787,3.99034883776,0.0209902310262,0.00772353495481,0.0127325874448,33.3128756861,0.00149572880072,6.08418668078,0.0709347182097,0.125149786477,0.0578518905488,3.33943426098,285.775313478,0.000216554007374,0.185419336229,0.0464669490733,80.7301800162,7.28129050877,0.0901929180303,False,True,False,48,4.02609084341e-10
88,88,68.8245901088,24.082212218,0.327914433172,0.00778441113172,0.00339353912207,0.00513971825276,57.7352509807,0.000434243845369,6.04201071651,0.0981021387225,0.0981021387225,0.0981021387225,16.8335011093,334.805125155,0.000177874244535,0.045991163038,0.140253549053,17.8886284402,4.47409379038,0.25010826321,False,True,False,76,1.79269670649e-22
89,89,68.992247579,24.1473808764,0.622994955888,0.00793324323343,0.00565848288642,0.00670000903508,174.316397531,0.000627241109978,6.09772420183,0.065180446154,0.0849649947972,0.0614628242091,3.31045079025,153.616012775,5.94426147084e-05,0.0449711079351,0.0721853483885,33.3484794261,3.35604830528,0.100635722019,False,True,False,48,1.51450058975e-09
90,90,68.9388438346,24.1008440038,7.75055681839,0.0144062574977,0.0124092790151,0.0133705373434,57.0791367021,0.00212296991069,5.90550952186,0.11132752215,0.11994391124,0.10989988643,2.20065563586,349.803163734,0.000157365600132,0.178847717973,0.0230754669843,228.467277892,6.68812753663,0.0292738968938,False,True,False,90,5.8200777563e-11
91,91,68.8901082705,24.113387991,1.46864685209,0.00854005022491,0.00808685709571,0.00831036495944,173.51703525,0.000820238374586,5.94100678081,0.0749240084978,0.0833269921619,0.073504058683,4.49116345366,119.461079576,0.000124067789955,0.0536499888771,0.036530217459,73.0296517908,3.2278960755,0.0441998009898,False,True,False,48,1.64603702474e-09
92,92,68.9079559068,24.1516152984,6.17333841349,0.00912295106346,0.00647024540977,0.00768295075098,124.690064611,0.000868487690738,5.97418940194,0.0654173438812,0.186615695899,,5.97664192789,79.448434562,0.00014111504777,0.248772582833,0.0402979014223,287.360463662,16.1899113307,0.0563400793707,False,True,False,48,4.25393385926e-09
93,93,68.9912176971,24.1695968468,0.435987564235,0.00725387879791,0.00445525974498,0.00568488471328,63.0880422633,0.000530742477674,5.927058122,0.0714036432731,0.111132032364,0.0628419909928,4.58329095805,98.1898076931,5.92489615804e-05,0.0652797231413,0.149728406258,25.5238440892,5.74151688501,0.224947185265,False,True,False,48,4.04736526446e-09
94,94,68.1332570678,24.4078676914,1.39325585279,0.011668745654,0.00573833764625,0.00818286028666,57.6385622639,0.000820238374586,5.94106933133,0.0527993403501,0.104754731176,0.0386054930448,2.89421368247,32.0744588344,7.75176959835e-05,0.0834892496902,0.0599238463796,50.704788854,5.10147104835,0.100611227532,False,False,False,94,4.65201001318e-10
95,95,68.0124072466,24.464347153,0.0356570385292,0.00418320714973,0.00208174014913,0.00295099140557,139.869947767,0.000144747948456,5.70292817849,0.189185972454,0.189185972454,0.189185972454,4.18571697937,329.016725778,1.45802758445e-05,0.0982028148931,2.75409341168,3.61974665281,16.6389530494,4.59671757318,False,False,False,95,5.49541921788e-22
96,96,68.9117500483,24.1530292989,3106.2170329,0.0506894805019,0.03002588471,0.0390127735179,83.2342534454,0.0294320828528,5.92295348671,0.209351678414,0.232544954853,0.20543546315,2.33659106863,122.404578735,0.00142251336907,1.9615473616,0.00063149076218,26022.9323357,25.1398091538,0.000966063656065,False,False,True,48,4.31911314032e-11
97,97,68.8912207827,24.1560610787,3.71879250174,0.00817838270725,0.00624570715008,0.00714701219747,21.4087362861,0.000771989058434,5.74872254916,0.0410986343311,0.180103028604,,3.91357412578,73.9148997759,7.99618073888e-05,0.215548340597,0.0579619165351,193.097563145,15.0796119163,0.0780932274372,False,False,False,48,4.46681344329e-09
