,ID,RA,Dec,M,Axis_maj,Axis_min,R_eff,PA,Area,V_cen,V_RMS,V_RMS_dendro,V_disp,V_disp_nt,V_grad_abs,V_grad_PA,j,M_vir,virial,m_lin,m_lin_vir,virial_lin,id_unresolved,id_resolvedLeaves,id_resolvedBranches,id_SCIMES,abundance_pNH3,count_c2d,count_SCUBA2,Tkin,Tdust
0,0,246.776482934,-24.5269276046,361919.383247,0.256668043515,0.125295487514,0.179330275307,139.415118923,0.24248649685,3.60821735682,0.381713189415,0.450904762924,0.427219594118,0.373992765269,0.228093128135,111.88637235,0.00293413048094,30.4322504876,8.4085716036e-05,598800.727058,84.8497289027,0.000141699442016,False,False,True,0,5.00811787414e-12,16,50,11.9508829603,20.0555898872
1,1,246.867686035,-24.69781894,17163.2646992,0.10311689106,0.0394543515392,0.06378408947,119.260956161,0.056460214016,3.69509420591,0.378249563513,0.412732879766,0.41854181782,0.371462518527,0.582439062717,2.80645885573,0.000947840379056,10.388867356,0.000605296692563,70682.5754892,81.4377648278,0.00115216182014,False,False,True,1,1.72441934595e-11,3,6,10.4227237273,18.6895780122
2,2,246.868820857,-24.698430308,16694.8372297,0.102194812422,0.038668453211,0.0628626703422,118.822529518,0.0556354300131,3.70223019304,0.375212517032,0.404086977526,0.416052710529,0.368324146069,0.761844789808,4.52974841404,0.00120423749172,10.1173707623,0.000606017933755,69373.8208202,80.4720091213,0.00115997660457,False,False,True,1,1.75892068037e-11,3,6,10.4911936628,18.6438957465
3,3,246.873025861,-24.6998634306,13247.1858034,0.100325765154,0.0352273652758,0.0594492420106,118.783981712,0.0491871187178,3.73275832014,0.355189761057,0.388304178445,0.398469705258,0.34783616871,1.17547499893,8.35255697535,0.00166175131539,8.77637289263,0.000662508477113,56072.9523371,73.8140016239,0.0013163922809,False,False,True,1,2.08329562695e-11,1,6,10.5895348183,18.5047201091
4,4,246.875916409,-24.700888441,9822.16290905,0.0990082084907,0.0321856203418,0.0564503375473,118.398260417,0.0419515136015,3.75838843098,0.332778324183,0.381159886487,0.380243659796,0.324618878267,1.95239688318,7.17984157148,0.00248863487728,7.58872184143,0.000772612092845,42128.714436,67.2159119959,0.00159548927367,False,False,True,1,2.61155974832e-11,1,4,10.9873891928,18.3353418013
5,5,246.87440798,-24.7004356226,11845.3047692,0.0995398364251,0.0342031917966,0.0583487799071,118.585787451,0.0463753550716,3.74368499262,0.348319568013,0.385018940706,0.392955220916,0.340708718874,1.48328313604,6.74601321224,0.00201998250893,8.37714503305,0.000707212283374,50534.9211573,71.7850917053,0.00142050467402,False,False,True,1,2.28679932383e-11,1,5,10.7417775301,18.4377240591
6,6,246.876484874,-24.7010923578,9302.76832744,0.0985303892923,0.0316989676714,0.0558865961106,118.262093959,0.0407893179611,3.76311514785,0.329406070079,0.380040056602,0.377309379106,0.321158447664,2.11088758267,5.27001905943,0.00263718389026,7.39743213072,0.000795186107011,40094.4520786,66.1825253777,0.00165066541496,False,False,True,1,2.70858550721e-11,1,4,10.9906943825,18.3104687828
7,7,246.885591186,-24.7037195166,5847.29020607,0.083281948954,0.0281729099512,0.0484385677786,120.249800734,0.0324290073864,3.74971263582,0.304117413671,0.346075937219,0.358312574005,0.294614047707,2.08469856994,15.9755010418,0.00195652700608,5.78220546373,0.000988869247114,29815.7710464,59.6859664613,0.00200182535506,False,False,True,1,3.73224227463e-11,1,3,11.6550870582,18.1931574243
8,8,246.759486774,-24.4912174258,219687.847826,0.207908232227,0.113976983605,0.153937497628,121.750763926,0.185351459559,3.60168543749,0.381889027111,0.40553419082,0.429079406304,0.373863251841,0.376004998557,147.083421038,0.00356403905749,26.3510480638,0.000119947681789,448721.237293,85.5900884122,0.000190742227688,False,False,True,8,6.89816593102e-12,13,43,12.4243148615,20.4683563271
9,9,246.884040117,-24.7040860572,7189.82821482,0.0838102086388,0.0312649729764,0.051189099506,119.668803494,0.0363279863091,3.7350864752,0.316455494075,0.348864111014,0.367316126937,0.307623426946,2.12232001802,19.4844825343,0.00222446635366,6.42148704961,0.000893134975934,36430.3939958,62.7231882527,0.0017217268707,False,False,True,1,3.19033961847e-11,1,3,11.2903619235,18.2575956196
10,10,246.886226403,-24.7036644481,5177.82191591,0.0830474607964,0.0269385507872,0.0472988185943,120.421309643,0.0303670473791,3.75674497747,0.293105237803,0.343754257159,0.348493014265,0.283334388426,2.27336110052,15.3567155099,0.00203436559468,5.34092618225,0.00103150055544,26476.6495508,56.4594036488,0.00213242251594,False,False,True,1,4.00540491288e-11,1,3,11.5369798708,18.1504416562
11,11,246.890906253,-24.7046175679,3151.60076289,0.077478559444,0.0240564225319,0.0431724097445,122.722531335,0.0236188146282,3.80434689521,0.250725364051,0.318187280474,0.314943963435,0.238968046639,2.83011016395,329.379753937,0.00210996821422,3.98153920105,0.00126333869694,17273.9610347,46.1120797358,0.00266945604677,False,False,True,1,5.69292650928e-11,1,3,11.7933854149,18.0035809041
12,12,246.733508989,-24.6385179641,2.37688631742,0.00902210648647,0.00590372232039,0.00729821974464,118.102753569,0.000674823275092,3.83514394875,0.513858960944,0.402663246661,0.539599691713,0.509659905998,3.11741817622,357.616944063,6.64184789621e-05,1.97577938557,0.831246901079,111.877496082,135.360365589,1.20989806109,False,True,False,12,6.95282638165e-10,0,0,8.8034600708,21.0271227157
13,13,246.884871671,-24.7038923848,6435.99692888,0.0832696718547,0.0296858609111,0.0497185266957,119.671841948,0.034191045938,3.74452145841,0.309615193633,0.34632655691,0.3623783211,0.300403025645,2.13786078129,17.8905162042,0.00211385850247,6.07044874388,0.000943202554469,32822.4693129,61.0481559623,0.00185995012686,False,False,True,1,3.46679859e-11,1,3,11.5109361166,18.2391633449
14,14,246.890741168,-24.7035787886,2321.84236814,0.0775612411909,0.0199261714524,0.03931282984,122.58076322,0.0198323062513,3.81682376663,0.239034090234,0.315946807318,0.308463128384,0.226081052511,2.97904660891,329.115714686,0.00184164493349,3.47791491303,0.00149791172766,12712.4792604,44.2338407993,0.00347956050848,False,False,True,1,7.19602187666e-11,1,3,12.3406517821,17.9666121938
15,15,246.890649055,-24.7033168703,2128.10540154,0.0777147698176,0.0191691940969,0.0385970142216,122.447351633,0.0188950517026,3.82007429,0.232640116274,0.316122257743,0.304121730553,0.219180937253,2.99796639763,327.625799687,0.00178646360121,3.3191489689,0.00155967320345,11628.7181644,42.9974835598,0.00369752563884,False,False,True,1,7.62889374442e-11,1,3,12.456356298,17.951624577
16,16,246.760235871,-24.4905703809,213138.88213,0.205742705255,0.113607809509,0.152885506397,121.309900145,0.182089813729,3.60566458272,0.379524275496,0.393156766669,0.427136252687,0.371418223538,0.395990315952,148.105700239,0.00370234758383,25.9344660579,0.000121678718584,439926.895239,84.8166273867,0.000192797094937,False,False,True,16,7.0704870866e-12,13,43,12.4687252492,20.4444087002
17,17,246.854636469,-24.6818619341,138.28694947,0.0197231286567,0.0126462591213,0.015793156609,111.5415742,0.00382399855885,4.14026415459,0.230519777124,0.203878507594,0.307035931113,0.215917339514,8.81232490323,3.13534518137,0.000879201410436,1.38428487821,0.0100102351199,2977.4718536,43.8254654367,0.0147190192189,False,True,False,1,4.23560461208e-10,0,3,13.3533933586,18.8963376071
18,18,246.761513484,-24.4903392425,206429.178873,0.202494151193,0.113784493068,0.151791614863,121.072281121,0.17864071699,3.61188390031,0.37758708232,0.380644740653,0.425267627273,0.369465587134,0.389189391031,145.447440099,0.00358687752005,25.5241070885,0.000123645829664,432913.249097,84.076143177,0.000194210141067,False,False,True,18,7.25631211585e-12,13,42,12.4277698437,20.4157463017
19,19,246.759980681,-24.4908594691,216993.100326,0.206219894625,0.113907864687,0.153264698651,121.494574909,0.183889342463,3.60440338897,0.381340364174,0.395967000509,0.428598876019,0.373301388857,0.392072048465,147.177762432,0.00368391960862,26.1771474802,0.000120635851743,446845.758878,85.3984893802,0.000191114020181,False,False,True,19,6.97455282288e-12,13,43,12.4264625134,20.4630809442
20,20,246.772315896,-24.6547566182,36.4883189632,0.0169231500593,0.0075994787363,0.0113405078822,94.4333646984,0.00209945018917,4.38173858325,0.32097490197,0.312026333661,0.361995271101,0.31398185906,18.7591303217,247.154327824,0.000965023082451,1.38170849508,0.0378671458247,915.61927427,60.9191629434,0.0665332902609,False,False,True,1,3.83245025539e-10,0,1,9.09528544789,18.5946949779
21,21,246.769875024,-24.6547048736,15.9812690274,0.0112445573029,0.00774261250439,0.00933071540558,96.4349407354,0.00138713673213,4.48857578993,0.187652172218,0.130035701407,0.247656443282,0.176276631737,2.38463508536,207.987739969,8.30446783648e-05,0.532098867878,0.03329515741,603.54711242,28.5132942518,0.0472428641692,False,True,False,1,5.57881419224e-10,0,1,8.47997279456,18.7911402771
22,22,246.729396764,-24.6144784559,15.5120659152,0.0133676700343,0.00762374203025,0.0100951309,61.5392495964,0.00161207782383,4.41881291428,0.371235900536,0.203223784152,0.403058184849,0.365938336834,6.46557539222,265.832970081,0.000263567028829,1.52484455297,0.098300546252,492.783548498,75.5237632913,0.15325950617,False,True,False,22,4.85251952516e-10,0,0,7.99930627814,20.2124715459
23,23,246.762522867,-24.4903092468,197163.623499,0.199976884515,0.114016082361,0.150998612362,120.915587422,0.1738419737,3.61652055453,0.375033368244,0.374025210036,0.422710923964,0.366908490068,0.372185850497,143.786302973,0.00339442144287,25.0863817837,0.000127236360027,418686.799897,83.0682527189,0.00019840189072,False,False,True,23,7.50957502825e-12,12,42,12.3478890892,20.370108177
24,24,246.763758709,-24.4902269154,182137.685094,0.196558898031,0.114394468746,0.149950827665,120.660894756,0.165744094399,3.62254006608,0.369809302311,0.367961415203,0.417854114771,0.361608989797,0.368009007738,144.31224474,0.00330990992212,24.3431268509,0.000133652334707,393504.207018,81.1703650787,0.000206275723692,False,False,True,24,7.92941791644e-12,11,41,12.2857651619,20.3045363895
25,25,246.763468287,-24.4901662794,185173.546585,0.197374122705,0.114275246537,0.150183143302,120.694903149,0.167393662405,3.62102731884,0.371271556547,0.369234090844,0.419251918111,0.363085398631,0.371803833336,143.559170162,0.00335441069418,24.5442312882,0.00013254717934,398410.713106,81.7143347401,0.000205100746672,False,False,True,25,7.8481089603e-12,11,42,12.313834696,20.3224863445
26,26,246.765806644,-24.4887369189,148406.081555,0.18660542795,0.114154107984,0.145951280133,118.57563819,0.146211709603,3.63014085313,0.358099564104,0.355906114669,0.407346989951,0.349657999837,0.28325644257,123.255130376,0.00241354613562,22.517234986,0.000151727171488,337730.048221,77.1395597401,0.000228405971415,False,False,True,26,9.07834901208e-12,11,38,12.2380842652,20.1697605098
27,27,246.76313327,-24.4901557551,188712.859253,0.197988581823,0.114209656277,0.150373561096,120.716393066,0.16923068132,3.61991606106,0.372610113866,0.370385310471,0.420494046441,0.36444372855,0.376891972878,143.970327238,0.00340894385513,24.7211867671,0.000130998951873,404765.628103,82.1992462866,0.000203078622738,False,False,True,27,7.75833475141e-12,11,42,12.3292049116,20.3399132466
28,28,246.765258818,-24.4896472865,164209.786339,0.193260352876,0.113596755921,0.148167976078,120.164637294,0.155846686364,3.62446627289,0.363667427762,0.358505336987,0.412433292751,0.355324489033,0.308926445034,123.784388298,0.00271283747016,23.4336483288,0.000142705552764,360826.598118,79.0779794299,0.000219157844356,False,False,True,28,8.47936652417e-12,11,38,12.2870903167,20.2338267798
29,29,246.769599504,-24.4928991088,95948.8491438,0.172126601358,0.113233881025,0.139608606824,118.040728506,0.11134584039,3.6707447003,0.338170261765,0.333308934245,0.389126537954,0.329371122161,0.408849296325,47.5900524915,0.00318748120327,19.654953565,0.000204848247169,236719.509499,70.3930581791,0.000297369060658,False,False,True,29,1.21984590912e-11,10,32,12.0316278819,19.7687541167
30,30,246.765050712,-24.4896359523,165755.224093,0.193755867694,0.11355042746,0.14832754835,120.177041654,0.156708960549,3.62382269225,0.365010965196,0.359230597797,0.413700731049,0.356684329703,0.313851488262,124.284500732,0.00276202637056,23.6032889891,0.000142398462059,363290.998639,79.5647512941,0.000219011072645,False,False,True,30,8.43886474812e-12,11,39,12.3091883152,20.2438108054
31,31,246.769157858,-24.4930976103,111649.036283,0.173933796878,0.112299533647,0.139759379917,118.689115943,0.122742855703,3.6643862057,0.343004848372,0.335958738303,0.39304258546,0.334387528738,0.409899910754,48.7395609374,0.00320257821641,20.0742029057,0.000179797368379,272592.107452,71.8170147778,0.00026345962636,False,False,True,31,1.0897485952e-11,11,35,11.956897211,19.8615254482
32,32,246.764504578,-24.4895466274,174626.064992,0.19564564739,0.113190802005,0.148812928662,120.393291204,0.161882605658,3.62047914126,0.367557525752,0.361468393192,0.415820199775,0.359313597047,0.311553916336,122.117655587,0.00275978044912,23.9237886897,0.000137000101851,379036.60489,80.3820908066,0.00021206946709,False,False,True,32,8.1283229443e-12,11,40,12.2743253659,20.2720438996
33,33,246.765548622,-24.4887011707,151018.292601,0.18733698214,0.113959519163,0.146112396483,118.647280431,0.147823787427,3.62864919561,0.359284841076,0.356499977416,0.408408202381,0.350868318334,0.284751421372,122.995272282,0.00243164414891,22.6596973027,0.000150046043512,342332.642181,77.5420082351,0.000226510705322,False,False,True,33,8.97803841824e-12,11,38,12.2430807329,20.1846537493
34,34,246.77130185,-24.4912684198,133800.420231,0.173523018052,0.115616323402,0.141640719331,118.789420058,0.137476497209,3.64281174985,0.343679423648,0.349033247646,0.392410316399,0.335306377533,0.111119009366,152.766542678,0.000891711976556,20.279025673,0.000151561748745,327448.240197,71.5861433376,0.000218618195335,False,False,True,34,9.52191728164e-12,11,36,11.6452861384,19.8911482633
35,35,246.790904338,-24.5065339005,46470.0452122,0.130858336953,0.0533223254185,0.0835324537336,50.340176255,0.0748678933532,3.73532705382,0.328226817744,0.315649119362,0.377399837159,0.31973973752,0.57994836318,26.3689482793,0.00161867550991,11.0620797289,0.000238047535318,150804.386553,66.2142630466,0.000439073852958,False,False,True,35,1.84815114784e-11,7,20,11.2646288308,18.5054022591
36,36,246.831021817,-24.4788219098,11905.6126248,0.075767393816,0.0433672514324,0.0573221040961,44.1252294064,0.0356156728521,3.75044798276,0.384987558176,0.373935096025,0.428874702564,0.377563724706,2.8022060759,17.1462171535,0.00368302196268,9.80304760822,0.00082339715873,66728.5479859,85.5084418377,0.00128143717222,False,False,True,36,3.80527309738e-11,4,17,11.5958680786,17.7872092285
37,37,246.790043811,-24.5066388359,51437.6473051,0.130516699304,0.0552762575597,0.0849380638264,50.8157467412,0.0798540875525,3.72934295756,0.333019500591,0.321572449539,0.381496591037,0.324672410463,0.527141443284,43.0739906242,0.00152121943953,11.4937516429,0.000223450181823,167362.166852,67.6596046878,0.000404270606437,False,False,True,37,1.72154840263e-11,7,20,11.245106993,18.6298292332
38,38,247.074470344,-24.6098302266,474.415022564,0.052404326565,0.0166896009633,0.0295737603142,80.4746694383,0.0123717600433,3.89708983208,0.234525024882,0.291931850127,0.275739890632,0.227307739116,3.89842418601,41.7521403796,0.00136383609926,2.09066223954,0.00440682132754,3844.44422302,35.3465744181,0.00919419618744,False,False,True,38,1.07023112195e-10,1,2,6.8275459231,17.728107246
39,39,246.764195363,-24.4902889222,178708.866116,0.195526103957,0.114506387251,0.149629501695,120.68129567,0.163907075483,3.62455424271,0.367969696457,0.366272857598,0.41598434692,0.359771917387,0.358652472046,148.048398942,0.00321194632519,24.0740598523,0.000134711054776,388135.734375,80.4455658131,0.000207261426064,False,False,True,39,7.99163307393e-12,11,40,12.2202307903,20.276896856
40,40,246.764844208,-24.4895930215,168386.32441,0.194306608462,0.113455978007,0.148476416633,120.243869129,0.158246058009,3.62280034577,0.365744156775,0.359923331933,0.414281655599,0.357446748598,0.316169285859,124.601674834,0.00278801191122,23.6933796023,0.000140708455306,368011.611453,79.7883601302,0.000216809355051,False,False,True,40,8.3358633964e-12,11,39,12.2914013392,20.2564980611
41,41,246.763382133,-24.4885296174,78312.3658746,0.159433888467,0.114522785946,0.135125175602,113.736843209,0.0965372185201,3.68365352712,0.331632477846,0.332176219604,0.385280968746,0.322310819378,0.662731455304,95.3637321423,0.00484027590622,18.6495996978,0.000238143740002,208589.278632,69.0086048537,0.000330834860288,False,False,True,41,1.3942277111e-11,10,32,12.4864582164,19.7874877488
42,42,246.769376726,-24.4935511489,119213.019985,0.175317540172,0.111939357798,0.140089017619,119.100659073,0.128028971358,3.66061199798,0.346178607033,0.33826068251,0.395672057577,0.337668912115,0.406796840663,47.5159075489,0.00319334427387,20.3916787745,0.000171052446932,288762.369846,72.7811470201,0.000252045122981,False,False,True,42,1.03777879005e-11,11,35,11.920082323,19.9089004269
43,43,246.769313385,-24.4933796543,116110.939224,0.174732408875,0.112110840553,0.139962127845,118.946555038,0.125929521169,3.66229274731,0.344790968974,0.337149542729,0.394521561596,0.336234443908,0.413230347103,46.6383821043,0.00323797336691,20.2549022666,0.000174444392595,282190.214654,72.3585107575,0.000256417504931,False,False,True,43,1.05974787557e-11,11,35,11.9362177706,19.8887824283
44,44,246.764755645,-24.4896524169,170247.074631,0.19506229431,0.113361005871,0.14870258199,120.330338981,0.159370763468,3.62186034166,0.366590629629,0.360628489985,0.415005339938,0.358317193749,0.311969937771,122.667684373,0.00275936884482,23.8124459791,0.000139869927461,370636.858421,80.0673588192,0.000216026433961,False,False,True,44,8.2698588787e-12,11,40,12.2849864214,20.2660082396
45,45,246.998638498,-24.5618468422,248.413343381,0.0281076252401,0.0151092307121,0.0206078770018,168.985005153,0.00742305602601,4.10120867189,0.170385699043,0.202130267078,0.220010688492,0.16112337785,2.89574234749,349.780813673,0.000491910865872,0.927468017267,0.00373356762822,3753.12510776,22.5027550675,0.005995738064,False,False,True,45,2.39305889085e-10,0,1,6.28957426941,17.0139335868
46,46,246.654703896,-24.4988940217,10.860907945,0.0154740003648,0.0111322202638,0.0131247849667,105.31257839,0.00176203855163,3.65337939405,0.392866174802,0.328749540432,0.432082979097,0.38628525568,2.66281727541,173.410299568,0.000183478740693,2.27826712072,0.209767648549,298.061447302,86.7925503731,0.291190125924,False,False,True,46,3.90754016457e-10,0,0,10.5030253662,23.5847051167
47,47,246.769533347,-24.4929459271,97670.8722347,0.172375199954,0.11313283502,0.139647037412,118.080769077,0.112620506576,3.66994756149,0.338915638513,0.33367363111,0.389915100945,0.330110047071,0.414424098272,47.5513091784,0.00323272264783,19.7401280567,0.000202108649233,240620.46357,70.6786496246,0.000293734990682,False,False,True,47,1.20521439319e-11,10,33,12.0672222558,19.7891863086
48,48,246.831235986,-24.4752934517,6911.49212989,0.0740739186989,0.0341811032502,0.0503182696761,49.6470420862,0.0249309709964,3.78283189737,0.379689163535,0.342324451424,0.429659282797,0.371152133377,2.90373926048,15.7479146813,0.00294082380102,8.63678731998,0.00124962702086,39623.1294465,85.8215850383,0.00216594666391,False,False,True,48,5.93924517793e-11,4,17,13.1298859991,17.2215524803
49,49,246.79080435,-24.5065185196,47108.6590848,0.130789990133,0.0535995344435,0.0837274302783,50.4070126445,0.0755427166283,3.73444077214,0.328877546749,0.316512366854,0.377820626917,0.320434861321,0.56401187984,30.1289937711,0.00158155306269,11.1126393368,0.000235893773092,152956.7022,66.3619992869,0.000433861336786,False,False,True,49,1.82949582595e-11,7,20,11.2289797486,18.5283433652
50,50,246.766528728,-24.490281808,159462.828287,0.189444405989,0.113937509382,0.146917744962,119.848842752,0.153297353992,3.62791310718,0.36150846033,0.356178296142,0.410235128182,0.353168985343,0.278622023735,122.162332547,0.00240560291395,22.9888938163,0.000144164593487,357453.828452,78.2372946923,0.000218873847375,False,False,True,50,8.64858533318e-12,11,38,12.2082882689,20.1915897925
51,51,246.764194402,-24.4903197133,179204.465557,0.195666073954,0.11449824339,0.149677726328,120.704049636,0.164206996939,3.62431900703,0.368208216435,0.366435439962,0.416181577026,0.360018392296,0.35576625571,147.807230326,0.00318815258968,24.1046599433,0.000134509259401,388933.697678,80.521866996,0.00020703237461,False,False,True,51,7.97337380941e-12,11,40,12.2165086927,20.2780484235
52,52,247.01477216,-24.6473779292,3.27578956638,0.0126312374176,0.00923870151981,0.0108026030348,104.397930773,0.00123717600433,3.77158949434,0.366921266889,0.310477668595,0.397463380101,0.361843971477,2.26229068612,288.821042595,0.000105600319799,1.58672180139,0.484378428234,110.131707604,73.4416416248,0.666852836688,False,False,True,52,1.12195542424e-09,0,0,7.57924716762,18.8624137361
53,53,246.765186473,-24.4896611646,164676.351904,0.19339979312,0.113598975684,0.148222867318,120.191705449,0.156109117638,3.62434129369,0.364146644975,0.358793157387,0.412828569624,0.355819970444,0.309139289787,124.978590837,0.00271671835343,23.4872855874,0.000142626948653,361590.913328,79.2296290455,0.000219113993536,False,False,True,53,8.46676091182e-12,11,38,12.2797616405,20.2344336057
54,54,246.852535519,-24.4537591896,1030.37028334,0.0576505623079,0.0120049433264,0.0263076364054,77.7850541118,0.0082478400289,3.96974853144,0.347966581387,0.260401420289,0.4051977777,0.338007392038,1.97104939015,115.856124729,0.000545658795492,4.01600337492,0.00389763121071,7589.83008122,76.3277117151,0.0100565771431,False,False,True,54,1.53780431454e-10,1,12,13.9938629556,16.3064725935
55,55,246.869682438,-24.4508131173,381.7999002,0.0293014606286,0.0113897700501,0.0182684673328,71.9562571811,0.00449882183395,4.00591522586,0.347498786954,0.278163638537,0.403724604533,0.337729139986,9.97430520227,129.517734923,0.00133151747392,2.76853919997,0.00725128319447,5533.35860451,75.7737129649,0.0136939819702,False,False,True,54,2.45157249916e-10,0,11,13.7126033464,15.7465302405
56,56,246.986832179,-24.6493005806,3.18838395158,0.0129703095471,0.0112281348031,0.0120678243289,149.163051661,0.00127466618628,3.63296607447,0.41301961118,0.346161719049,0.420322454538,0.411850276356,5.57085970985,6.19528365108,0.000324519032262,1.98231328384,0.621729789744,104.390877794,82.132173531,0.786775389445,False,False,True,56,2.24777743574e-10,0,0,1.97574240964,19.4299711881
57,57,246.997803908,-24.5602027057,202.815018574,0.0232698636687,0.0138647323013,0.0179619161131,171.803088022,0.00656078184117,4.12524866557,0.159583932226,0.145045410175,0.213950645295,0.149158933776,2.20787744026,342.438448262,0.000284931379576,0.764465681455,0.00376927550449,3701.25109355,21.2801818203,0.00574945640879,False,True,False,45,2.88230703388e-10,0,1,6.59293689667,16.8947484805
58,58,246.763418711,-24.4901805688,185934.972046,0.197434759995,0.11428546152,0.150212924431,120.688644305,0.167806054406,3.62089606929,0.371477535275,0.369341362061,0.419438738293,0.363295212971,0.373265764933,144.080986381,0.00336893594153,24.5709815883,0.000132148252252,399926.095077,81.787175376,0.000204505723389,False,False,True,58,7.83299857565e-12,11,42,12.3150338961,20.3261526799
59,59,246.769428316,-24.4927675643,92029.8366477,0.171716406551,0.113283547053,0.139472734329,117.874750901,0.108534076744,3.67252384757,0.336760598346,0.332647562721,0.388067055585,0.327892700938,0.417155717535,47.3630741508,0.00324591260311,19.5290444877,0.000212203402712,227593.123196,70.0102589285,0.000307611486434,False,False,True,59,1.25703384468e-11,10,32,12.0731838362,19.745263533
60,60,246.887321897,-24.4503451903,3.86989235487,0.0056596531048,0.00499831604341,0.00531871553233,29.2209172869,0.000487372365344,4.36999545654,0.193942812423,0.0813953574427,0.275288526039,0.177663045811,3.00099468347,12.5642851338,3.39577372315e-05,0.374766801804,0.0968416605522,290.369734761,35.2309499846,0.121331343343,False,True,False,54,2.63557460579e-09,0,1,12.3918661841,15.5668492402
61,61,246.760801878,-24.6048396023,0.0829308409363,0.00353079035378,0.00202692909124,0.00267519376553,48.6011970753,0.000112470545849,4.13405173035,0.87832871793,0.18847601077,0.890556572195,0.876375030132,12.927480804,154.615552211,3.70070426118e-05,1.97267889523,23.7870359562,9.97439157609,368.69832022,36.9644922608,True,False,False,61,1.76253149004e-08,0,0,7.02206679847,20.8245744019
62,62,246.79805146,-24.5839817281,1.05364363538,0.0134057658258,0.00432364892459,0.00761326638152,101.100610027,0.000562352729243,3.44438940005,0.454559649557,0.365870043073,0.47976080611,0.450436027364,7.30987546203,202.339554973,0.000169477488909,1.62929110047,1.54633981145,33.3767768621,107.003421319,3.20592433958,False,False,True,62,1.26599749295e-09,0,0,7.64418803528,21.3779912976
63,63,246.880719096,-24.4505219648,15.374734317,0.0144249898911,0.00531636243963,0.00875719558129,87.8998801258,0.000937254548739,4.26121595773,0.242580513722,0.149074582667,0.314043126769,0.229217846408,7.96534443767,96.7438423222,0.000244340045355,0.803011497145,0.0522292925907,452.620664819,45.8486675152,0.101296010277,False,False,True,54,1.28467265243e-09,0,3,12.913845066,16.2191399229
64,64,247.0351841,-24.6757688193,5.39112633083,0.01311529795,0.00971092048902,0.011285460362,93.807303721,0.00157458764188,3.45369277753,0.286686355333,0.27471758009,0.337406547318,0.277798709913,5.66544194947,7.98194575836,0.000288623935868,1.19455023976,0.221577118853,174.559553978,52.9243026622,0.303187659776,False,True,False,64,1.95452034398e-09,0,0,10.2764985302,18.9500350449
65,65,247.099297338,-24.6270697787,0.325711916742,0.00686019550513,0.0051784362293,0.00596029235389,89.1361789179,0.000412392001445,3.74277569656,0.363113100989,0.300826187156,0.377023141987,0.360859239878,13.2400038873,350.055106848,0.000188140905102,0.787737839957,2.41851095851,20.1622702513,66.0821477526,3.27751522665,False,True,False,65,1.19001233751e-09,0,0,3.34237453059,18.9702923509
66,66,247.08315719,-24.6075632944,338.979478058,0.0443817042845,0.0129321035661,0.0239572284759,81.3615479376,0.0101973294903,3.96468790673,0.213157421824,0.202181488446,0.259350576437,0.204882224506,4.39448800476,39.9707355167,0.00100888444018,1.49826673908,0.00441993346518,3243.48360666,31.2696174474,0.00964075088376,False,False,True,38,1.43865860207e-10,0,2,7.0860109372,17.5732978749
67,67,246.771334798,-24.6199019937,8.81499101109,0.014598094313,0.00998574671082,0.0120736437031,116.34071905,0.00127466618628,3.56922073523,0.704165948372,0.289464946721,0.716289632081,0.702225218152,10.705254137,291.724026898,0.000624214257572,5.75961977522,0.653389183038,256.429499446,238.52036373,0.930159612078,False,False,True,67,2.87715243409e-10,0,0,5.59084287455,22.091308069
68,68,247.088542186,-24.606609248,204.349010839,0.0341797228238,0.01187620095,0.0201475868696,80.5351897489,0.00764799711771,4.00676830669,0.18914614085,0.163397947222,0.243481361141,0.179026787817,4.2033164007,40.265963198,0.000682492915527,1.11053591277,0.00543450593772,2538.90399679,27.5600229437,0.0108550866746,False,False,True,38,2.17535849151e-10,0,2,7.63151194104,17.3298630697
69,69,246.732987411,-24.4732059336,0.105097489441,0.00397018945913,0.00359062386299,0.00377563994742,89.7008301421,0.000187450909748,3.71388296784,0.405089353641,0.312329092901,0.447940281862,0.397874334445,4.98803973493,197.342376146,2.84427144073e-05,0.704383118341,6.70218786466,11.2414772465,93.2799642114,8.29783863508,True,False,False,69,8.77647527446e-09,0,0,11.866957455,20.9843050746
70,70,246.71054908,-24.4079846876,4.56991630946,0.0135256160244,0.00765067592845,0.0101725171386,158.029936793,0.00116219564044,3.45534804654,0.348548377297,0.297129791709,0.38853036608,0.341782407067,2.0720583585,169.544532686,8.57667265475e-05,1.4277642171,0.312426775551,143.480693971,70.177528219,0.489107811489,False,True,False,70,4.29306873237e-10,0,0,9.5673863445,21.4668589877
71,71,246.759462263,-24.6181111999,0.296216947263,0.006432829061,0.00293471879099,0.00434494468602,6.68296462133,0.000262431273647,3.87481769632,0.807348179747,0.201965538173,0.816869097542,0.805828857303,12.4740192459,356.413921393,9.41965300954e-05,2.69567365485,9.10033568221,19.5546553888,310.208052076,15.8636419772,True,False,False,67,2.19736340503e-09,0,0,5.02039598179,23.4243188011
72,72,247.093530533,-24.6055407314,91.3345500345,0.0221493077876,0.011096011109,0.015677020293,84.1342242713,0.00487372365344,4.04967244734,0.13881674693,0.109688024813,0.204222621511,0.125355588712,2.22209618653,17.2484660416,0.000218448912196,0.607924074856,0.00665601434098,1751.12525429,19.3890185601,0.0110723196485,False,True,False,38,3.87715769221e-10,0,2,7.28409755075,16.9649085353
73,73,247.091768665,-24.6058801786,134.434966517,0.0266283194837,0.0114292702848,0.0174454080092,83.4976670859,0.00603591929388,4.03308981747,0.165412691877,0.131516064275,0.222105134155,0.154529549466,3.41715884057,44.5071276097,0.00041599433856,0.800159296153,0.00595201766982,2143.93078493,22.9332353743,0.01069681705,False,False,True,38,2.91742998833e-10,0,2,7.13233746664,17.1235872972
74,74,246.854330649,-24.6023943863,37.5761408288,0.024226000345,0.0102395849894,0.0157500536344,120.157139984,0.00348658692131,3.70523155074,0.429930339498,0.231068194741,0.470344749987,0.423170754613,2.91354347923,25.6082615611,0.000289098320682,3.23961027073,0.0862145552811,658.677353299,102.844420278,0.156137780907,False,False,True,81,4.57977355741e-10,0,0,11.8120836457,20.037616315
75,75,246.872809305,-24.4505011255,2.65158900737,0.00526601326194,0.00435788824811,0.00479047986204,36.2590673221,0.000374901819495,4.14081654944,0.274123062543,0.0942796830568,0.342109343517,0.261731445815,13.717023333,120.653329737,0.000125915126577,0.521299152138,0.19659877556,213.828966748,54.4099095655,0.254455279811,False,True,False,54,2.96377530871e-09,0,1,13.6013134655,16.9031816573
76,76,247.132154674,-24.3094781024,161.187350029,0.0246465499328,0.018054598772,0.0210946336814,20.871052715,0.00716062475236,3.37729739506,0.111417923505,0.125940107811,0.147718972055,0.104513266875,2.02951192325,236.201137561,0.000361239784509,0.427979207566,0.0026551662242,2777.26356597,10.1442673533,0.00365261240509,False,True,False,76,1.75383969577e-10,0,0,3.05396076594,17.09110716
77,77,246.788032644,-24.6559074665,0.433128992322,0.00542074487583,0.00313145677028,0.00412005197072,105.854286557,0.000224941091697,3.78474547533,0.662961369207,0.225751612001,0.693186191757,0.658043518666,24.5395898465,249.688095049,0.000166622129103,1.84068989811,4.24974991454,33.931305009,223.381878577,6.58335653514,True,False,False,1,6.40004284653e-09,0,0,13.3071710406,17.9771501975
78,78,247.087777476,-24.6415422258,0.587748775352,0.00929289868847,0.00526092159693,0.00699208205102,6.45663822277,0.000562352729243,3.50933803966,0.30462693065,0.260518514112,0.338868434416,0.298839925443,7.48147629564,307.490656156,0.000146305390505,0.74652933319,1.27015038482,26.8585650578,53.3839082367,1.98759345936,False,True,False,78,1.73118868905e-09,0,0,7.1534127467,19.1814283952
79,79,246.854831709,-24.6023639353,41.4763411225,0.0248737893417,0.0108143198964,0.0164010095719,117.524341881,0.00367403783106,3.70078281401,0.42932952642,0.232674245466,0.468891328781,0.422719492836,1.02451207872,349.618916075,0.000110234678155,3.35268779485,0.0808337404918,708.110055681,102.209799347,0.144341686051,False,False,True,81,4.26391989754e-10,0,0,11.5365043845,20.0343301387
80,80,246.858634029,-24.604777353,11.5539662474,0.0131607063239,0.00901449387101,0.0108920662179,113.235702475,0.00191199927943,3.72752941254,0.40509333395,0.213266489469,0.451887879843,0.397170908771,6.15436296409,347.903419348,0.000292054325752,2.06799644545,0.178985847905,372.815682235,94.9313199202,0.25463338707,False,True,False,81,1.10191384731e-09,0,0,13.0191182259,19.8551985384
81,81,246.855553338,-24.6027975215,47.9695629628,0.0267034112094,0.0108207780131,0.0169985789079,118.718802809,0.00397395928665,3.68698315708,0.427414194706,0.241211929784,0.465459511154,0.421068822179,2.2965701979,345.909195218,0.00026543913126,3.42416404182,0.0713820145595,762.853765293,100.719126592,0.132029402193,False,False,True,81,3.8027602618e-10,0,0,11.028241464,20.0469894068
82,82,247.092717675,-24.6056409991,111.258910615,0.023872598304,0.011145932446,0.0163120313882,83.4251013699,0.00543607638268,4.04193567817,0.151242665597,0.119925590482,0.211354942997,0.139354758556,3.03597707942,34.9887060988,0.000323127988204,0.677502645614,0.00608942368632,1979.14397625,20.7669611924,0.0104929006892,False,False,True,38,3.27674182759e-10,0,2,7.07624969821,17.0406405026
83,83,246.733455098,-24.5466793136,10496.7223118,0.0645682388368,0.0402856687129,0.051001712512,158.826970609,0.0376776328593,3.71771078398,0.246502593673,0.19604734275,0.307439020514,0.235400881534,1.16808865299,163.994492231,0.00121536105087,4.48209299508,0.000426999291964,69036.2262591,43.9406127199,0.000636486307275,False,False,True,85,3.77687025372e-11,3,3,10.9586235648,19.1087625573
84,84,246.734283493,-24.5477290517,9235.78628624,0.0617397498715,0.0397642991126,0.0495483388322,160.415823133,0.0348658692131,3.72449124286,0.238950624965,0.185730613124,0.300138716358,0.227748518615,1.03658078451,166.111045947,0.00101793803709,4.15003031367,0.000449342393278,63525.9670798,41.8786019015,0.000659235960138,False,False,True,85,4.09513006894e-11,3,3,10.7088462645,18.9801986853
85,85,246.733281055,-24.5464672206,10759.626646,0.0653485544797,0.0403759241933,0.0513664120006,158.433713902,0.0382399855885,3.71643866258,0.248346271222,0.197823227391,0.308990734238,0.237316064444,1.18815061301,164.946423702,0.00125397809299,4.55982601616,0.000423790356875,69920.3337105,44.3852883486,0.000634798005004,False,False,True,85,3.72504250975e-11,3,3,10.9729668388,19.1364214925
86,86,246.733639829,-24.5469680947,10164.3747973,0.06390352844,0.0401682610298,0.0506645202395,158.936069837,0.0369278292203,3.71896921853,0.245558776723,0.194376474345,0.306581109264,0.234433450243,1.21199849284,164.730227662,0.00124442847518,4.4276455389,0.000435604316763,67545.7624359,43.6957215619,0.00064690544582,False,False,True,85,3.86928505666e-11,3,3,10.9383787605,19.0826479023
87,87,246.504828163,-24.5364305297,8.26422033528,0.0193892317377,0.00869027519757,0.0129806686912,23.3162243691,0.00202446982528,3.37175462771,0.333475528043,0.299328932586,0.415773437324,0.318485502949,6.10901807171,274.209154845,0.000411742343547,2.0863572432,0.252456633361,181.002078579,80.3640125495,0.443994970558,False,True,False,87,1.28946159598e-09,0,0,20.0184287357,29.1266296594
88,88,246.656629381,-24.4984894679,8.02203211399,0.0125379304313,0.0114685430946,0.0119913216731,99.4661028704,0.00149960727798,3.65524527506,0.399877993132,0.207021644754,0.437505228511,0.393584245197,2.65257732391,164.271527202,0.00015256754241,2.13408482152,0.266027957903,271.706993205,88.9845539836,0.327501890673,False,True,False,46,4.91602941938e-10,0,0,10.2291982818,23.4806979303
89,89,246.811024651,-24.4605133658,43.7054625523,0.0206987063206,0.006980041074,0.0120198926907,87.936308933,0.00213694037112,3.92689648267,0.320543451718,0.151842747937,0.38397464765,0.309298106691,7.48649630516,339.453700383,0.000432653067131,1.64772154388,0.0377005858686,896.674448209,68.5414415201,0.0764396059874,False,True,False,54,9.01490164323e-10,0,1,14.5080848366,17.140861257
90,90,246.741228459,-24.3876795183,74.7389318869,0.0253867447993,0.0157592074251,0.0200018743407,47.5506800828,0.00461129237979,3.46275219204,0.264968284174,0.236025765911,0.297912204546,0.259363037675,1.50456478259,147.208862651,0.0002407754884,1.65053756767,0.0220840400847,1250.20763165,41.2595724671,0.0330021761366,False,False,True,90,1.24560383739e-10,0,0,6.02013882735,20.7863710864
91,91,247.053830722,-24.6645714445,0.0678011742205,0.00395987736036,0.00386005118071,0.00390964567197,90.6491248873,0.000187450909748,3.47155608935,0.321364218356,0.275593346697,0.353797570775,0.315918229066,2.15191189495,207.620757503,1.31570727586e-05,0.455014483988,6.71101185517,7.27106045341,58.1912687447,8.00313367184,True,False,False,91,3.22577810882e-09,0,0,7.10910172206,19.0454003118
92,92,247.072510174,-24.6515936565,0.415119342777,0.00719316060918,0.00538209844498,0.00622208152705,74.9077934706,0.000487372365344,3.54998758241,0.286519820698,0.238308668372,0.306532555249,0.283218152992,1.69629887177,115.95333738,2.62684083667e-05,0.543584465314,1.30946551822,24.5073012197,43.6818822569,1.78240279765,False,True,False,92,4.92764384833e-10,0,0,3.85313758792,19.2784455726
93,93,246.736766222,-24.5496512541,5374.9588403,0.0572650682261,0.0370198319886,0.0460428409695,163.319743895,0.0257182648174,3.73272913864,0.210475786944,0.17216864319,0.276833318232,0.197926602106,0.92284493878,156.482161601,0.000782551542725,3.28077886303,0.000610382136963,39859.1135935,35.6274590572,0.000893834705421,False,False,True,85,6.15060872098e-11,3,3,10.498077598,18.7031000914
94,94,246.735130647,-24.5488185574,8173.66121871,0.0587684406033,0.039187458361,0.0479894344526,162.791979921,0.0324290073864,3.7295363741,0.231543494685,0.178427663919,0.292810411906,0.220274210408,0.873432565191,170.527859846,0.000804601124623,3.82557562396,0.000468036969186,59062.8965986,39.8585195637,0.000674848709751,False,False,True,85,4.44410467267e-11,3,3,10.4295499495,18.8709883102
95,95,246.737194045,-24.5501322409,3460.75530935,0.0579510774442,0.0352202975482,0.0451780277438,163.776768903,0.0203196786167,3.7365954915,0.189316354644,0.1678834012,0.263161598952,0.174771031794,1.04312516443,151.817248061,0.000851629995369,2.90904493245,0.000840580934627,25360.1404781,32.1953511222,0.0012695257406,False,False,True,85,8.80091405145e-11,3,3,10.8476330914,18.6335956716
96,96,246.74426299,-24.5502686377,1710.27088263,0.0617941299556,0.0162184344612,0.03165760646,168.06892399,0.0138338771394,3.75274556195,0.174759626661,0.168194631384,0.254436567787,0.158495894816,1.89534945494,225.060272337,0.000759810757517,1.90552767955,0.00111416717603,11753.3036395,30.0958899397,0.00256063238582,False,False,True,85,1.48621374426e-10,2,3,11.1020594174,18.4420419339
97,97,246.822747704,-24.5523860999,0.562020649614,0.00691068871608,0.00536396733153,0.0060884077156,1.18408824472,0.000412392001445,3.33726616775,0.437720554882,0.359325744039,0.467801171317,0.432761087556,3.96806115824,26.2503862496,5.88363609721e-05,1.23880932561,2.20420606692,34.53609398,101.735082757,2.94576111636,False,True,False,97,1.73665147408e-09,0,0,8.84302064077,20.7367723572
98,98,246.808708554,-24.5005664896,362.926886152,0.0307890910303,0.0112884389393,0.0186429818991,149.527485901,0.00569850765633,3.63584814446,0.378792676604,0.231012826419,0.435183676277,0.369064942238,2.49642957142,23.212392837,0.000347064397724,3.28275672533,0.00904522880666,5005.69692064,88.0426946475,0.0175884988731,False,False,True,98,3.94194610989e-10,1,4,14.9017273776,17.1000975058
99,99,246.621117535,-24.391596754,2731.20843393,0.0518253353321,0.0202655708974,0.0324078695297,140.173747975,0.0164581898758,3.44013418725,0.323605127188,0.274088257691,0.402516747171,0.309255133947,1.89331915382,177.072303391,0.000795398528716,4.88198588166,0.0017874819882,22379.7381069,75.3209938282,0.00336558870656,False,False,True,99,7.54385065005e-11,3,12,18.6022514784,25.3947812911
100,100,246.617842401,-24.3892589517,1372.43284144,0.0407411750918,0.0155481304256,0.0251684148094,152.905319187,0.0102723098542,3.43927503871,0.306501158775,0.262820124074,0.392369981841,0.290571198388,3.18415867379,202.502268952,0.000806800983584,3.60267877119,0.00262503101238,14305.3941012,71.5714278883,0.0050031077356,False,False,True,99,1.23717224543e-10,2,11,19.4826329872,26.2355582084
101,101,246.775345956,-24.6204408289,4.03257832911,0.0121474525272,0.00505527166919,0.00783636858587,170.01864051,0.00082478400289,3.48314745657,0.666319273357,0.229311616591,0.680621348082,0.66402422021,5.03455084514,320.902930864,0.000123666033842,3.37523578814,0.836991996851,140.974277471,215.357135844,1.52763425858,False,True,False,67,3.98692318696e-10,0,0,6.25406694208,21.5757342323
102,102,246.736462548,-24.5498134229,5727.7384553,0.0571163976876,0.03763941162,0.0463662334335,163.976852428,0.0266180291842,3.73318789928,0.213896131969,0.172628789365,0.278844963526,0.201691156373,0.937254569758,161.221862466,0.000805974297971,3.35201192784,0.000585224334874,42585.7838851,36.1471234518,0.000848807281542,False,False,True,85,5.8486441779e-11,3,3,10.3897514726,18.7186212439
103,103,246.749429062,-24.5720139602,232.454422455,0.0217472491902,0.0133591135223,0.0170447637335,153.798180325,0.004461331652,3.82208382974,0.153214154931,0.127614086449,0.241009825135,0.134122943931,3.45951788748,265.264687839,0.000402029149393,0.920531404735,0.00396005115761,4539.16278877,27.0033489208,0.00594897124809,False,False,True,85,5.7511135685e-10,2,3,11.2365029125,18.1548156541
104,104,246.75019246,-24.5752128759,72.657161186,0.0154640636403,0.00929578358466,0.0119896033687,121.85364138,0.00239937164477,3.83268824882,0.139700394666,0.114644490825,0.229079154685,0.119549637016,4.29486454795,288.763817773,0.000246955723274,0.584997605781,0.0080514789765,1995.24886788,24.396036624,0.0122270645114,False,True,False,85,1.31304452842e-09,1,3,10.7007985081,18.3641434782
105,105,246.908247773,-24.7122103527,317.859056633,0.0340841811636,0.0118759939911,0.0201192328554,100.344878536,0.00761050693576,3.63920308241,0.201550096067,0.135057051322,0.285846300905,0.184690731529,0.797457261042,249.660118002,0.00012911902628,1.52846218516,0.00480861612488,3960.26275241,37.9851010262,0.00959156081325,False,True,False,1,2.12288291882e-10,1,0,13.3384501108,17.5367063188
106,106,246.914527015,-24.7180766914,545.447206449,0.0461132458467,0.0183205316455,0.0290657733393,122.48092787,0.0102348196722,3.6133547806,0.193261690208,0.140392060592,0.273911103056,0.177139834475,1.26878791799,325.713972637,0.000428758547293,2.02758600431,0.00371729102347,5023.07086432,34.8792715859,0.00694381435739,False,False,True,1,1.48187729044e-10,1,0,12.2318961378,17.5246017312
107,107,247.021817166,-24.6474697208,0.52646846791,0.0063397778629,0.00527634443437,0.00578367112154,81.3711395494,0.000487372365344,3.73885383267,0.361529190963,0.120886115404,0.401077530326,0.354856654932,3.34342110944,292.797139684,4.47361134036e-05,0.865044366719,1.64310764927,35.2647329788,74.7833295274,2.12062656401,False,True,False,52,2.58970298113e-09,0,0,9.79138016013,18.7253969303
108,108,247.008334347,-24.64348447,0.0743938089767,0.00541649945847,0.00131865480524,0.00267254430057,176.639747429,0.000187450909748,3.82534757368,0.374941208849,0.109928188806,0.40018388625,0.370782694599,6.7128239602,156.587156788,1.91785193618e-05,0.397944252226,5.34915818533,5.83257547193,74.4504501087,12.7645926687,True,False,False,52,1.47943189237e-08,0,0,6.35217196496,18.9368343293
109,109,246.699590484,-24.5798430204,0.950035627843,0.006629377687,0.00413453508104,0.00523539822863,76.2969458116,0.000374901819495,3.83882816386,0.330462470067,0.111146999113,0.372915048383,0.323222561896,4.92447275468,297.662765141,5.39907267964e-05,0.676936089452,0.712537582394,60.8568411602,64.6499139024,1.06232779536,False,True,False,85,3.15639020079e-09,0,0,9.69410204464,19.2360272724
110,110,246.768555591,-24.5455375505,1.22923099131,0.00657358800901,0.0041185649569,0.00520324410488,173.315476432,0.000412392001445,3.80595797704,0.292381724136,0.105273808003,0.339704223619,0.284158862773,3.80812489059,124.895120353,4.12400873069e-05,0.558282767373,0.454172382017,79.4096524668,53.6475664143,0.675579916896,False,True,False,85,2.68679421085e-09,0,0,9.7108857041,18.1097406178
111,111,246.810508274,-24.5031935669,74.6574400735,0.0228798174156,0.00682876780834,0.0124996384199,154.37356998,0.00232439128087,3.67168470938,0.368587857936,0.151657504365,0.42645723328,0.358559562249,4.20974602374,66.5823419424,0.0002630939051,2.11361824351,0.0283108855785,1385.67957638,84.5471753864,0.0610149538375,False,True,False,98,1.00709415864e-09,0,4,14.9367319381,16.4584947667
112,112,246.833834318,-24.4125385684,205.017761677,0.0249322454394,0.0189946042026,0.0217618504269,120.632398059,0.00667325238702,3.12148399115,0.213391590217,0.234546299503,0.257025471844,0.205627653458,7.31325159021,252.539743974,0.00138535841664,1.33667639823,0.00651980778298,3491.98500514,30.7114600093,0.00879484303743,False,False,True,112,1.30836946415e-10,0,0,6.66379988047,18.9175331335
113,113,246.552069375,-24.3870969677,228.06745866,0.0343307069276,0.0169273159809,0.024106570142,164.311262587,0.00682321311482,3.17958177789,0.652375363649,0.282572500228,0.704721522987,0.64368819162,1.94638722145,53.3922729661,0.000452439051865,11.1313701226,0.048807358086,2821.12839949,230.878346795,0.0818390069862,False,False,True,113,2.7553219186e-10,0,2,23.0627296976,25.1716243487
114,114,246.919784659,-24.5975484699,423.193810723,0.04842308531,0.0249145188961,0.0347338145611,119.942309226,0.0118094073141,3.39913483609,0.41045130482,0.197138110097,0.442368896438,0.405161831581,1.19720192473,134.831346006,0.000577739897912,6.3197482303,0.0149334609112,3711.32618764,90.9740019943,0.0245125320155,False,False,True,114,1.53144201267e-10,0,0,8.83695462164,19.4168930392
115,115,246.836486336,-24.5893104019,0.427851852203,0.00630664107145,0.00466081710963,0.00542163265171,99.9413023485,0.000374901819495,3.7160259784,0.383509569614,0.130140392061,0.418398214593,0.377684215354,6.99549792956,113.595686236,8.22505479836e-05,0.882445437447,2.06250231921,28.8096231617,81.381891225,2.82481623477,False,True,False,81,3.12782138462e-09,0,0,9.08287973267,20.3268613869
116,116,246.697060832,-24.5508665629,144.597591487,0.0238830750241,0.013548076695,0.0179880441444,38.5591970747,0.00449882183395,3.64964425753,0.207621822314,0.116076121273,0.276742524061,0.194423638062,1.48348582008,223.241219438,0.000192004443774,1.28089599748,0.008858349467,2571.0652124,35.6040931188,0.0138479930213,False,False,True,85,2.79937651225e-10,1,0,10.8691438933,19.0894434808
117,117,246.737877636,-24.5181717317,104.920139146,0.0264276876325,0.0104855870912,0.016646615881,171.183099906,0.003711528013,3.66979603038,0.138840101297,0.150262575785,0.227427902309,0.11888642981,4.65853955902,206.437369892,0.000516370824002,0.800555744497,0.00763014375517,1685.93943415,24.0456003257,0.014262434248,False,False,True,85,6.50572375895e-10,0,0,10.533869524,18.046137317
118,118,246.738219169,-24.5275856148,13.4413831609,0.00850532103309,0.00796943627916,0.00823301973804,146.169601472,0.00119968582239,3.77487381813,0.126902905843,0.0731475282977,0.219699315199,0.104912722777,1.90640300029,216.923474238,5.16883914843e-05,0.369483196049,0.027488480287,671.112806924,22.439105444,0.0334356686574,False,True,False,85,2.48192399197e-09,0,0,10.4418522902,17.3170619807
119,119,246.63814336,-24.4965205764,0.0667279997841,0.0042843797729,0.00269569980422,0.00339844107128,179.714349447,0.000149960727798,3.65164995457,0.286111794431,0.145599812714,0.363354391116,0.271861998272,8.25760351986,184.279740607,3.81481521016e-05,0.417175406917,6.25187939496,6.61397307316,61.3774666334,9.27996923401,True,False,False,46,3.26024986937e-09,0,0,16.2865254252,24.3031810227
120,120,246.714825977,-24.4458006925,42.3397736987,0.0204422366683,0.0134531165977,0.0165834795329,43.6332192272,0.00329913601156,3.60489079376,0.348105994969,0.147267507271,0.387215110097,0.341496546651,3.48957569582,202.499653897,0.00038386978815,2.31184322796,0.0546021630729,879.553774007,69.7032014114,0.0792483682877,False,False,True,120,3.29332975405e-10,0,0,9.33619798896,19.9607039337
121,121,246.858096013,-24.4511019997,0.868446404525,0.00398602901555,0.00292735098672,0.0034159194914,108.168142725,0.000187450909748,3.75067009581,0.354418312525,0.104193462399,0.405322726077,0.345662797275,8.20192063679,131.855837562,3.82816639721e-05,0.521780284012,0.600820363,92.5219636972,76.3747923986,0.825477425539,True,False,False,54,6.80485311731e-09,0,0,12.5555590996,15.3557115127
122,122,246.778284611,-24.440880862,1.61391123019,0.010960131851,0.00449417118192,0.00701831238367,151.749970618,0.000637333093142,3.51628533566,0.328340101682,0.167943080803,0.365133828001,0.322122966469,1.78629501086,214.384661417,3.51948052115e-05,0.869991408311,0.539057782137,62.5325502541,61.9801001118,0.991165398819,False,True,False,122,7.97709029589e-10,0,0,8.28359666483,20.0268616159
123,123,246.799726903,-24.4360291643,1.88737444649,0.00814083582699,0.005763802877,0.00684997612848,42.826913685,0.000637333093142,3.56896511037,0.438630229215,0.159727155396,0.469898930757,0.433467341442,6.45434041052,193.076014301,0.000121140670836,1.40629392344,0.745105946547,98.4535431484,102.649549215,1.04261914739,False,True,False,123,1.69788836457e-09,0,0,9.22282036959,19.5429081988
124,124,246.552580282,-24.3892117741,149.647652688,0.0279878804905,0.016808953289,0.0216897896675,163.812331971,0.00554854692853,3.16937038555,0.654848311496,0.28298856684,0.707295273619,0.646145147694,2.1685013477,72.0915086677,0.000408065960437,10.0886947307,0.0674163246097,2270.60805539,232.567832269,0.102425353296,False,False,True,113,3.57713576521e-10,0,2,23.1930710897,25.3097686336
125,125,246.619978806,-24.3966546583,205.438202433,0.0229017043666,0.0106351062827,0.0156064749381,148.019437554,0.00307419491986,3.53871591955,0.258514162452,0.164530007534,0.34952146589,0.240954922851,4.61418369757,238.476354681,0.000449536034627,1.77268126232,0.00862878102185,3809.39211218,56.7931345596,0.0149087132244,False,False,True,99,3.83530849219e-10,0,5,17.9647139426,26.3556827323
126,126,246.804163773,-24.7078697158,2.7247657375,0.010086077694,0.0065475854409,0.00812646635785,30.3640490806,0.000862274184839,3.50870914105,0.372786581846,0.146780450366,0.400547157368,0.368194630578,6.02870189212,168.018554298,0.000159252876047,1.21223600302,0.444895495542,114.722641038,74.5856778114,0.650139128047,False,True,False,1,9.07928421333e-10,0,0,6.96964175547,19.0780189086
127,127,247.089596937,-24.6643104593,0.0634325605148,0.0040673423574,0.00359502880982,0.00382390022807,0.352374038944,0.000187450909748,3.44255713835,0.202400792817,0.175497229974,0.226987540672,0.198224198105,6.22369350124,75.9511296679,3.64016686948e-05,0.183184498459,2.88786227408,6.62283276883,23.9525729665,3.61666582905,True,False,False,127,4.94874190687e-09,0,0,3.42741237033,19.4417011376
128,128,246.992461335,-24.6559294064,0.134690597873,0.00740534659386,0.00380311199665,0.0053069164748,174.585219913,0.000262431273647,3.55820719254,0.440924981343,0.149234223508,0.448388900444,0.439730374335,12.9161973777,15.9044273295,0.000145505419395,0.992042065078,7.36534012578,7.72385597468,93.4669002036,12.1010672014,True,False,False,56,8.078215868e-10,0,0,2.15494915227,19.3724514379
129,129,246.982093628,-24.6473164463,0.622439560287,0.00952182295794,0.00573528568093,0.00738988327831,64.9812642995,0.000562352729243,3.63831318083,0.37916946006,0.128761772259,0.389153434358,0.377562836977,9.00692185855,355.717905805,0.000196748551637,1.04053679587,1.67170736286,27.7599935563,70.4027896436,2.53612413493,False,True,False,56,4.71952624541e-10,0,0,2.49036073776,19.4899158777
130,130,247.058817528,-24.6112515142,0.266831668386,0.00568496405527,0.00320227165371,0.00426670824484,61.9960474731,0.000299921455596,3.69646751353,0.356647082377,0.0970393112269,0.371112824604,0.354300150286,10.5279756732,6.4278656154,7.66638734409e-05,0.546365163597,2.0476023963,19.9320480098,64.0265436779,3.21224109265,True,False,False,38,2.12730815449e-09,0,0,3.41777823723,17.8408301462
131,131,246.923544978,-24.597670146,45.7737206274,0.0391230497639,0.0137992306791,0.0232350594697,105.044827903,0.00382399855885,3.37540167448,0.407007838213,0.176913059059,0.437150837366,0.402022960164,3.26281481952,153.886647219,0.000704595709464,4.12842639653,0.0901920652275,496.850565635,88.8404525479,0.178807188102,False,False,True,114,4.71510191515e-10,0,0,8.26086607596,19.3748039939
132,132,246.92423947,-24.5974712266,76.5861217549,0.0391697557386,0.0141195162264,0.0235171852427,104.599983892,0.00498619419929,3.38440795476,0.409397873281,0.178034624676,0.438073830049,0.404666432005,2.76068778978,153.007266436,0.000610728188975,4.1962184428,0.0547908465222,830.312336385,89.2160009691,0.107448723883,False,False,True,114,3.62873960861e-10,0,0,7.88965758832,19.3947415553
133,133,246.792086599,-24.582146684,0.237310281476,0.00578632922832,0.00353170772312,0.0045205777976,98.9055508214,0.000262431273647,3.4500841466,0.474468034065,0.188238163381,0.498344038046,0.470572660369,4.57545299873,217.370785837,3.74008941568e-05,1.04383200858,4.398595805,17.4162917056,115.453383983,6.62904514547,True,False,False,62,1.43102744014e-09,0,0,7.54059517724,21.5929650208
134,134,246.688155225,-24.5582369038,6.80739624922,0.010102233086,0.00611983060279,0.00786282107112,159.560316836,0.00101223491264,3.68293447835,0.151183937894,0.0803015338572,0.236030900206,0.132851293236,1.61144012812,301.716800482,3.9850240913e-05,0.407281090567,0.0598292027754,286.158020134,25.8991707228,0.0905065345038,False,True,False,85,1.99212004518e-09,0,0,10.6660427861,19.2814537498
135,135,246.745394123,-24.5514790124,1.90170393748,0.00579963481759,0.00444351849598,0.00507649333515,174.268391675,0.000412392001445,3.79436828684,0.149932536957,0.0518249885038,0.241619369305,0.129575677467,4.21344185066,53.1156733777,4.34334809126e-05,0.275553189079,0.144898048349,139.246578673,27.1401113807,0.194906845392,False,True,False,85,4.20785488558e-09,0,0,11.654974922,16.8610256467
136,136,246.701261169,-24.500140561,2.19806162447,0.00816386485162,0.00575953359014,0.0068571170209,11.3868865527,0.000599842911193,3.68093390639,0.214741681337,0.0869144310208,0.280020733915,0.202472356216,1.68759851551,76.3931896877,3.17403892226e-05,0.499919490059,0.227436521567,114.336879037,36.4526001624,0.318817519503,False,True,False,85,1.51533827352e-09,0,0,10.4854138323,19.6909851876
137,137,246.838691866,-24.4899031715,0.268848589155,0.00501058893273,0.00277472909395,0.00372867629186,90.6400471358,0.000224941091697,3.58621079733,0.558322052274,0.147384958584,0.567025085139,0.55693020024,12.1885129457,35.569827144,6.77828892907e-05,1.11464700868,4.1460028196,22.7856416492,149.469533078,6.55981233175,True,False,False,137,8.8582332209e-10,0,0,3.17959764093,19.262960474
138,138,246.711758251,-24.4466793313,16.6922162474,0.0188128251318,0.0106641109186,0.0141641114758,24.7923123704,0.00206196000722,3.62243134493,0.328896329808,0.127518339906,0.366949308263,0.322453205652,3.24531730158,177.584065452,0.000260432889038,1.77328937287,0.106234507545,376.792508692,62.5979743206,0.166133808068,False,False,True,120,5.25695729732e-10,0,0,8.59639962234,19.9780829171
139,139,246.70915892,-24.4509469638,2.5744978278,0.0114862421488,0.00610463310814,0.00837372641717,104.26287839,0.00078729382094,3.65646666434,0.300496788763,0.105957300042,0.329196124238,0.295692539949,3.30833948552,182.602994191,9.27913717597e-05,0.843735501591,0.327728185466,95.1824409421,50.3799300071,0.529298571338,False,True,False,120,7.88028157029e-10,0,0,5.86699446333,19.6879807382
140,140,246.757025448,-24.4403199036,5.47837263454,0.013393832532,0.00667584845348,0.00945596088163,118.390821154,0.00112470545849,3.61273137683,0.34671079605,0.146383170939,0.385763806018,0.340109748692,6.36495602674,342.350929568,0.000227649516761,1.30835847297,0.238822467958,173.69566543,69.1816775339,0.398292481062,False,True,False,140,4.20057002847e-10,0,0,9.28671493759,19.7194244979
141,141,246.557660153,-24.4204970039,0.599305013883,0.00828462693388,0.00332772746768,0.00525061716443,169.153714245,0.000337411637546,3.34461407296,0.900813942745,0.251852537383,0.947113329761,0.893255542247,14.5236483029,304.573960748,0.000160160871364,4.37917580345,7.30709021617,30.719718424,417.015339942,13.5748425225,False,True,False,113,1.01968561176e-08,0,0,27.7763482272,24.9865608134
142,142,246.616823777,-24.3919396583,58.0153340107,0.0140872469829,0.00683413279455,0.00981193745345,178.335999781,0.00146211709603,3.54753066619,0.259860235119,0.14607012523,0.349169310654,0.242706886013,4.48914981311,190.799153672,0.000172875573,1.11225670046,0.0191717710399,1748.87570248,56.6787500294,0.0324086783006,False,True,False,99,8.40234951676e-10,0,3,17.658303946,25.9694023789
143,143,246.55195495,-24.3866721922,97.6031017037,0.0217708875672,0.0166798663867,0.0190561143925,153.058936926,0.00449882183395,3.15563039499,0.617602941613,0.275812892539,0.671178100083,0.608678904917,2.81356921953,43.2477743622,0.000408682741334,7.98156462928,0.0817757273075,1903.83698865,209.422667834,0.110000314671,False,False,True,113,4.13411663156e-10,0,2,22.4159750829,25.3810300763
144,144,246.876582265,-24.7492805553,1.0543484349,0.00707785461464,0.00462437127555,0.00572106874391,53.7449698058,0.000524862547294,3.63205696116,0.239454636033,0.0893287436146,0.280671788775,0.232251452716,2.55213741072,263.789941278,3.34132236416e-05,0.419037432207,0.397437335075,63.2593603298,36.6223035384,0.578923077114,False,True,False,1,9.05324943674e-10,0,0,6.95988298775,17.9939310381
145,145,247.051162094,-24.6292368379,0.0998271742166,0.00448846672582,0.00346200410982,0.00394196527783,62.4879393059,0.000224941091697,3.61248082926,0.282540614573,0.0871475307089,0.317631993176,0.276570432576,6.95928367792,99.5706280755,4.3256374863e-05,0.369776581197,3.70416756859,9.4448060443,46.9025670111,4.96596402204,True,False,False,38,2.99206312707e-09,0,0,6.83741015032,18.7623705015
146,146,246.925529192,-24.6266203516,0.58841033589,0.00688987625485,0.00450998238957,0.00557433588651,165.715556385,0.000449882183395,3.4935523704,0.449360637534,0.145936810423,0.496388157922,0.441447425894,5.1717505738,223.2106842,6.42811785367e-05,1.27706818882,2.17037008177,36.2669594708,114.548909038,3.1584922119,False,True,False,114,7.3647174619e-09,0,0,14.4391925953,19.7368045567
147,147,247.039859713,-24.6192711292,0.436757059155,0.00874705858592,0.00365486023125,0.00565413800381,86.2572529431,0.000412392001445,3.60390479172,0.32558078751,0.0953942482535,0.377503267173,0.316570590267,4.61196224248,37.9789889737,5.89764385769e-05,0.749179633028,1.71532346719,21.2041161109,66.2505613166,3.12441985179,False,True,False,38,4.97790141019e-09,0,0,11.8516196546,18.3513893207
148,148,247.044294455,-24.6082142203,0.214704934032,0.00638172899409,0.00257540555066,0.00405407699411,136.400132327,0.000262431273647,3.68370592134,0.349524435934,0.0687950651997,0.36777251874,0.346544044509,4.68269936064,14.8676940665,3.07850775735e-05,0.509833852954,2.37457911833,14.2871611496,62.8791527263,4.40109494588,True,False,False,38,3.06621621689e-09,0,0,4.24943569919,17.7949707397
149,149,246.920025356,-24.5942173464,150.031354963,0.047345208248,0.0172159993477,0.0285498699527,115.143214048,0.00693568366067,3.38353867319,0.399381434022,0.176257689315,0.429700356593,0.394362171112,1.2761435584,107.035133344,0.000416071331428,4.90132714614,0.0326686854715,1345.70007412,85.8379942581,0.0637868689385,False,False,True,114,2.50506468299e-10,0,0,8.16067669617,19.3201046402
150,150,246.940484179,-24.6073993377,0.724689870509,0.0067776759799,0.00479207258196,0.00569904511586,142.674238278,0.000487372365344,3.5108756103,0.377257236314,0.13978135817,0.396881452136,0.374052434719,13.4551066734,76.7144095281,0.000174803984046,0.834645064701,1.15172724039,45.4060438487,73.226746563,1.61270924212,False,True,False,114,2.73582424913e-09,0,0,4.93203461331,19.3948859641
151,151,246.920997509,-24.5976806162,31.9638741074,0.0354626126903,0.0113876592616,0.0200956749039,112.138797627,0.00314917528376,3.3634923023,0.414967059667,0.175931157801,0.444124985296,0.410155488546,3.33052644282,153.555442974,0.000537994790247,3.68545520707,0.115300642053,382.763889087,91.6977216416,0.239567326636,False,False,True,114,5.89934735742e-10,0,0,8.13226183987,19.3605472197
152,152,246.706676116,-24.4723301074,0.242409196413,0.00894346357384,0.00219968298153,0.0044354012918,110.103463837,0.000262431273647,3.68319480473,0.195086158578,0.0803895850799,0.273149037728,0.179625779641,3.35432098121,147.997894861,2.63955336829e-05,0.307687885311,1.26929130521,11.5102730281,34.685461931,3.01343520229,True,False,False,85,4.80592537116e-09,0,0,11.8665275739,20.8535937255
153,153,246.677620115,-24.4268718837,10.0643051713,0.0129625674567,0.0123494801859,0.0126523108548,132.862527476,0.00149960727798,3.61749333518,0.258519173607,0.100739044589,0.340144162195,0.24307875377,0.556147024103,86.4930941251,3.56114220248e-05,1.36104982953,0.13523534972,329.712220024,53.7866104127,0.163131989493,False,True,False,99,1.0282161313e-09,0,0,15.864296818,22.4963975619
154,154,246.727329229,-24.4195174029,0.641986557363,0.00943682062712,0.00488770600418,0.00679149503714,101.975680043,0.000449882183395,3.56277082235,0.33590982478,0.125897896405,0.358773360782,0.332141665158,7.79050584445,164.020226523,0.00014373297819,0.812800372432,1.26607070368,28.8896652912,59.8395764104,2.07131428514,False,True,False,154,1.2660072539e-09,0,0,5.1563835828,21.1970930504
155,155,246.563207248,-24.4097477567,0.180775608632,0.00652118492858,0.00208548478933,0.00368779500203,69.8165826199,0.000187450909748,3.33004496796,0.788451948871,0.250622600187,0.837510201374,0.780393501261,11.361958651,123.508341734,6.18082914335e-05,2.40505554768,13.3040932119,11.772144714,326.083139973,27.6995524517,True,False,False,113,2.58269192512e-08,0,0,25.8962892865,24.937899001
156,156,246.5514548,-24.3863891255,72.9503905469,0.0182371680937,0.0164075056828,0.0172981628832,122.981109995,0.00389897892275,3.14005807086,0.610573435296,0.272621043252,0.66360286588,0.601739775026,2.81259909462,24.0832253507,0.000336641604719,7.08263101111,0.0970883220503,1698.68360901,204.722058028,0.120518062894,False,False,True,113,4.41906805483e-10,0,2,21.9362061607,25.426015892
157,157,246.895021285,-24.7432242135,0.405901290367,0.00684727961427,0.00319478499929,0.00467713440021,83.8980807093,0.000337411637546,3.56312698431,0.27413314811,0.0909930248914,0.320602495255,0.266023919978,3.65189373166,330.782920892,3.19549264446e-05,0.44698379111,1.10121303311,25.1735604572,47.7839370075,1.89817952406,False,True,False,1,4.70243477917e-09,0,0,8.97233685443,18.0908321101
158,158,246.943018127,-24.7452206842,22.4776588259,0.0151034323535,0.00885166519549,0.0115624619565,100.644893186,0.00224941091697,3.49726883761,0.151426015888,0.0953418270068,0.225590921459,0.136007936183,2.47214069523,341.137834035,0.000132200716447,0.547106257156,0.0243400018389,632.000899312,23.6587268012,0.0374346410376,False,True,False,1,5.56298693137e-10,0,0,9.07766896447,17.4117451771
159,159,246.859104655,-24.7316797012,1.12702762051,0.00701235530323,0.00561834126169,0.00627676709316,11.1208882138,0.000524862547294,3.58666559568,0.337755689272,0.0875251769853,0.393464474297,0.328058908517,4.02887682134,39.2155033936,6.34915615789e-05,0.903493838135,0.801660777159,68.2516134901,71.971273167,1.05449921968,False,True,False,1,8.38537738812e-10,0,0,13.2247319311,18.7392209121
160,160,246.831075174,-24.7268390376,2.1247722492,0.0160471143879,0.00462176998395,0.00861197257351,52.1423475104,0.000712313457041,3.48413415985,0.438456947902,0.10674014698,0.473377804023,0.432663570478,1.48711638252,83.7103191431,4.41174320457e-05,1.79430615933,0.844469876713,56.2286573234,104.175097169,1.8527046906,False,True,False,1,1.08775935519e-09,0,0,10.3375126594,19.2548585486
161,161,246.900937877,-24.659273391,0.441230265052,0.00754660416165,0.00544788586768,0.00641194495931,84.9289376274,0.000412392001445,3.30951178021,0.47324892907,0.184268511198,0.512715203709,0.466687509533,0.565028819838,14.1963386594,9.29202057287e-06,1.56718514369,3.55185323361,24.8288153869,122.208249887,4.92203304838,False,True,False,161,1.88525685384e-09,0,0,12.6328774256,20.5547327187
162,162,246.801906415,-24.6411497137,1.08464616801,0.00712282740227,0.00461210281795,0.00573159771214,123.039468284,0.000412392001445,3.29882375762,0.40106783865,0.154023230427,0.417144788555,0.398460213425,7.55540424614,302.978515133,9.9281675663e-05,0.927315403268,0.854947383414,64.6662893863,80.895018269,1.25096118916,False,True,False,1,1.91118695926e-10,0,0,4.27056039453,19.6962759577
163,163,247.025814346,-24.6210006912,0.0491123971804,0.00349857606169,0.00252976769429,0.00297499322636,36.8555578457,0.000149960727798,3.55461216703,0.337551068499,0.113823748501,0.370565563215,0.332017266881,3.4489549393,250.838829366,1.22101071224e-05,0.379834339528,7.73398085484,5.96131524,63.8378494719,10.7086853994,True,False,False,38,4.1335955912e-09,0,0,7.58969776225,18.881132835
164,164,247.020796965,-24.6105994758,0.215907558931,0.00526840678392,0.003894968182,0.00452993121286,75.6356153249,0.000299921455596,3.54228093577,0.287000959397,0.106541113873,0.314039104783,0.282478115551,6.37926483145,127.70893769,5.23617120314e-05,0.415371980453,1.92384177057,17.403268594,45.8474931445,2.63441852298,True,False,False,38,3.77189228347e-09,0,0,5.27588539623,18.5685699399
165,165,246.794583175,-24.615196494,0.277131857478,0.00705818332553,0.0043125181625,0.00551711371875,119.958227322,0.000262431273647,3.24476757905,0.581715970619,0.228475879991,0.607552214218,0.577515013637,7.43195816076,268.723614706,9.04871935556e-05,1.89346499354,6.83236135598,16.6738463181,171.599235585,10.2915207632,True,False,False,1,7.25357575391e-09,0,0,9.97525952578,22.2634302758
166,166,246.942962112,-24.6054748305,3.13823085158,0.0145660178677,0.0068513819273,0.00998986244007,30.8985076449,0.00104972509459,3.47870789517,0.372816681326,0.133107737223,0.39428702886,0.369299210784,3.80289872027,112.900651115,0.000151807688231,1.44398478327,0.460127011544,91.492674964,72.2725058496,0.789926689519,False,False,True,114,1.34765642023e-09,0,0,5.34697544326,19.4659468445
167,167,246.879938148,-24.6005571237,0.061203133425,0.00360157945618,0.00245447781277,0.00297321322244,38.2933583763,0.000149960727798,3.47593968031,0.391631459609,0.133100980572,0.421969735597,0.386604560241,9.17338119512,230.923116843,3.24370644066e-05,0.492228540608,8.04253823395,7.21643880085,82.7772015967,11.4706441614,True,False,False,81,7.77996119779e-09,0,0,8.01341265799,19.969709338
168,168,246.995131348,-24.5997870996,0.0853998376646,0.00389280170933,0.00381414761396,0.00385327397822,176.88618245,0.000187450909748,3.58307518659,0.37552208566,0.0920619255709,0.37552208566,0.37552208566,6.20668632081,101.36374382,3.68620571198e-05,0.505218199633,5.91591522243,9.31616214817,65.5570045743,7.03691107257,True,False,False,45,2.97142100278e-22,0,0,0.0,18.5430323063
169,169,246.807283235,-24.5851269176,0.162728759398,0.00511063633576,0.00362311055805,0.00430306872667,90.1002299127,0.000224941091697,3.41570095049,0.383597908319,0.154271573414,0.412779811166,0.378766439583,10.7635511778,165.225147894,7.97208896194e-05,0.681700020624,4.18917973164,13.5217098039,79.2109148059,5.8580546362,True,False,False,62,2.04902112171e-09,0,0,7.54480014857,21.0876541313
170,170,246.866550455,-24.5794657366,0.619479627965,0.00895905931625,0.00382365006891,0.00585288883988,75.8153151002,0.000449882183395,3.34521041431,0.367022851398,0.150831330639,0.396214284094,0.362180286857,4.09088939883,65.3260824875,5.6055506523e-05,0.854296567384,1.37905514374,29.3634372925,72.9807613604,2.48542977559,False,True,False,170,1.41961889598e-09,0,0,7.23319103429,19.710372943
171,171,246.70576236,-24.5446619435,5.19991276492,0.00897513589061,0.00691669979893,0.00787897966808,174.502198191,0.00082478400289,3.57924068225,0.140522799515,0.0644059325565,0.227035179468,0.121271838682,2.32696785066,214.959957461,5.77817025129e-05,0.377602118696,0.0726170102782,246.03523137,23.9626280688,0.09739510856,False,True,False,85,1.24098438024e-09,0,0,10.3233142189,18.8866730186
172,172,246.687645496,-24.4735907616,2.46021286445,0.00865935486306,0.00516723849989,0.00668916675174,143.724644497,0.000712313457041,3.35711865644,0.382947236247,0.160870977852,0.459639573221,0.369332912637,7.2390697888,149.934835145,0.000129564731605,1.31396856826,0.534087349614,120.650582646,98.21616182,0.814054600205,False,True,False,85,3.10661896711e-09,0,0,20.978849137,21.1249553629
173,173,246.644143575,-24.4762322203,0.0939074277368,0.00419877027824,0.00193954535146,0.00285371781629,38.514217644,0.000149960727798,3.40909642365,0.495372918587,0.188343587635,0.565505106097,0.483324123838,19.0182710529,230.882879498,6.19516784786e-05,0.848520260239,9.0357097483,9.49773627758,148.669264949,15.6531262402,True,False,False,173,2.70979601026e-08,0,0,24.1544899178,23.4615445996
174,174,246.755835242,-24.4655012017,0.880189710073,0.00866579766513,0.00479443434145,0.00644574261988,86.6888057311,0.000487372365344,3.45875992714,0.46851060909,0.129932860883,0.502377808963,0.462915491078,3.5816085743,304.514549082,5.95228931833e-05,1.51255781421,1.71844523619,43.1330350674,117.329988445,2.72018855759,False,True,False,174,4.48142408423e-09,0,0,10.6748957676,20.2101298958
175,175,246.729730496,-24.4411181676,0.347479659776,0.00473351739291,0.0037350182486,0.00420473231521,48.870203983,0.000299921455596,3.51315810311,0.372526211464,0.109047155309,0.417216467481,0.364941051424,5.87415392396,175.295097493,4.15414851569e-05,0.680517604383,1.95843867472,31.173652245,80.922821403,2.5958723337,True,False,False,120,3.74697345364e-09,0,0,11.4581230856,19.7077891891
176,176,246.739986103,-24.3907400398,20.1426693713,0.0156883795733,0.0107595604119,0.0129923080237,62.752219718,0.00232439128087,3.48156643926,0.234769230511,0.107550672781,0.279606728029,0.226850664285,2.57002622567,172.713469057,0.000173528240439,0.944408031359,0.0468859421732,545.23184288,36.3448907475,0.0666595159878,False,False,True,90,3.29134655755e-10,0,0,7.4875038639,20.5800300609
177,177,246.552026763,-24.3873876497,83.4165498732,0.0207208056055,0.0165533476347,0.0185202240391,144.831630684,0.0041614101964,3.14819063333,0.621606265282,0.275837371879,0.674308664189,0.61283737464,2.20326427869,54.6683968054,0.000302286711981,7.8296409104,0.0938619605139,1709.57383755,211.380836805,0.123645339068,False,False,True,113,4.51887393539e-10,0,2,22.1728699128,25.4008318675
178,178,246.899466068,-24.7600350227,0.810280190124,0.00668304513005,0.00489622984912,0.00572029064373,159.033742373,0.000487372365344,3.4081810085,0.297884499013,0.109798868698,0.323510520242,0.293617705508,4.28200415821,340.774400415,5.60458250891e-05,0.556638242561,0.686970074482,51.4876539378,48.6547167993,0.94497832156,False,True,False,1,5.11469872253e-10,0,0,5.16968381045,18.0747461416
179,179,246.829439132,-24.725504012,4.26815174317,0.0146872782165,0.00933875354057,0.0117115699821,55.2647662291,0.00101223491264,3.48022326297,0.433663844172,0.105580018584,0.466345467086,0.428255140177,1.49861556019,86.0454272926,8.22205664788e-05,2.36814759277,0.554841471265,123.407287211,101.102909191,0.8192620669,False,False,True,1,8.58666587246e-10,0,0,9.54917053442,19.2555988255
180,180,246.823464001,-24.7202645705,0.147583720927,0.00462019101938,0.00213722894354,0.0031423567543,95.4087535813,0.000187450909748,3.48735457011,0.414580008508,0.103840591968,0.443740822542,0.409767761935,8.56172949272,171.720733636,3.3816797131e-05,0.575297366538,3.89810856457,13.5650312969,91.5391554047,6.74817133859,True,False,False,1,5.73754577124e-09,0,0,8.12576630708,19.2358823098
181,181,246.859072169,-24.6485508946,0.752671645854,0.0109001368465,0.00296264141286,0.00568271034166,36.9519565554,0.000412392001445,3.40767033073,0.498507130669,0.116739656759,0.528634213748,0.493563411584,6.90838985206,147.855471376,8.92375973006e-05,1.47653648832,1.96172726375,29.3235051213,129.914811732,4.43039845319,False,True,False,1,2.16914084699e-09,0,0,10.0462117507,20.4655641789
182,182,246.94115097,-24.6468206614,0.197740134941,0.00519633447394,0.00361971882097,0.00433696549391,36.2201003375,0.000299921455596,3.34929478997,0.437443783241,0.154113060779,0.449720949847,0.435466167009,8.80989735674,11.3952133274,6.62830941487e-05,0.815549515191,4.12434994764,16.1599496953,94.0230578657,5.8182766431,True,False,False,182,7.08011518364e-09,0,0,3.53604229223,20.1242652156
183,183,246.790292227,-24.636832659,0.462228577794,0.00579364326756,0.00336033030826,0.00441231855913,16.500287489,0.000262431273647,3.452056927,0.444873883295,0.100556263778,0.500751374934,0.435359798296,10.4557251095,255.061968294,8.14231440246e-05,1.0287013017,2.22552509974,33.8803055095,116.57151313,3.4406865988,True,False,False,1,3.95478960741e-09,0,0,17.1542208957,19.8958311393
184,184,246.877947212,-24.6176743043,0.178863427626,0.00545128000529,0.00359471869864,0.00442671640909,122.840571988,0.000262431273647,3.40700677296,0.379906730418,0.124765747558,0.401539001574,0.376364044369,3.7581231663,44.7276005384,2.94573992857e-05,0.663613631759,3.71016948835,13.9336640394,74.9555167342,5.37945486,True,False,False,81,3.11128535062e-09,0,0,5.48802364222,20.205536989
185,185,247.022382649,-24.6140439379,0.550748095129,0.0114774129773,0.0045974196132,0.00726405420758,155.978930797,0.000487372365344,3.54614039699,0.309148963309,0.107619743908,0.341928434944,0.303628945081,2.74662566645,97.0169792393,5.79719111973e-05,0.789637276431,1.43375398556,20.3775173284,54.3523804935,2.66727195554,False,False,True,38,2.03348973175e-09,0,0,6.92866558352,18.6898126171
186,186,246.92286926,-24.5994988433,0.690771854099,0.0089237646543,0.00420632204966,0.00612668164926,134.773127213,0.000449882183395,3.39910276189,0.437884539527,0.119296830559,0.478431434617,0.431108190588,8.28691648214,126.783366014,0.0001244238347,1.30389570906,1.88759241032,32.8722023406,106.411250307,3.23711959438,False,True,False,114,6.32003682518e-09,0,0,12.0619602542,19.2752952024
187,187,246.909993866,-24.5937424534,13.9857022863,0.0197998773929,0.00901575743056,0.0133607968224,118.289924286,0.00202446982528,3.30345040264,0.433350829341,0.16425113162,0.466147254261,0.427922140207,5.1463965889,179.840466914,0.000367475137711,2.69933477214,0.193006737658,299.960489865,101.016983045,0.336767629263,False,False,True,114,1.0348446831e-09,0,0,9.57727105701,19.3113455379
188,188,246.963084607,-24.5952687851,0.119369093383,0.00476719553593,0.00294296061404,0.00374561993556,102.595869934,0.000224941091697,3.46048186195,0.273874727854,0.105159867176,0.333038135771,0.263280015926,3.01133294508,303.072952578,1.68992014279e-05,0.38626892428,3.23592073403,10.6333768488,51.5627494148,4.84914154252,True,False,False,114,8.37666949869e-09,0,0,11.6572082963,19.2901538137
189,189,246.933117875,-24.5906165744,0.144477848723,0.00545063123752,0.00236068874237,0.00358709406083,44.4311493482,0.000224941091697,3.42036227871,0.394094484137,0.112676642671,0.435363482927,0.387149993468,7.36582178706,160.159459078,3.79111298922e-05,0.63215691237,4.37545906142,11.2563280501,88.1154636106,7.82808241004,True,False,False,114,1.58701306126e-08,0,0,11.1130520319,19.45796608
190,190,246.656357109,-24.4552751519,0.625745724792,0.00977487262603,0.00272460354679,0.00516068334877,64.3010033368,0.000374901819495,3.38152685023,0.435397062955,0.116063466654,0.501726577212,0.423932620458,6.52416468741,151.656975546,6.95023247185e-05,1.20786821949,1.93028601177,27.1849826507,117.025996158,4.30480304739,False,True,False,190,3.12736747646e-09,0,0,20.1798875828,23.2394104682
191,191,246.718347953,-24.4346968756,0.632853813088,0.00748494269472,0.00443765162351,0.00576329489972,14.5321902357,0.000412392001445,3.5294933937,0.322335695689,0.0685756242361,0.358945965228,0.316144259505,4.11026553436,135.916189283,5.46099219081e-05,0.690410079088,1.09094717423,35.9051873724,59.8971674278,1.66820372796,False,True,False,120,2.75957382003e-09,0,0,8.09738253978,20.2203934818
192,192,246.591935232,-24.4254204975,0.0602167527167,0.00308058321993,0.00164366945987,0.00225021344703,102.316557378,0.000112470545849,3.27302167356,0.67169068793,0.193065682872,0.702053457591,0.666751487273,15.6280299378,242.626853179,3.16527652705e-05,1.03119834986,17.1247751388,8.30092829404,229.133452034,27.6033527718,True,False,False,192,2.90557859234e-08,0,0,13.5413596101,23.9075180081
193,193,246.736891064,-24.3919821697,6.54721324419,0.0101770247742,0.00940442445579,0.00978310076989,27.0733786999,0.00131215636823,3.49695426557,0.225057757679,0.0943164808458,0.26997269138,0.217087604925,2.69405039772,172.807668889,0.00010313801319,0.662970688557,0.101259980977,273.198260926,33.8834641567,0.124025182452,False,True,False,90,6.13174822022e-10,0,0,7.21834620763,20.497748798
194,194,246.5480048,-24.3846113075,8.35675772796,0.0119389289079,0.00828127697336,0.00994331821131,79.4944568863,0.00131215636823,3.12446677099,0.576125853611,0.20670576104,0.631459017597,0.566860302827,3.85598725972,328.006441994,0.000152495931794,3.68637749377,0.441125328001,297.245111887,185.36958264,0.623625335545,False,True,False,113,1.09093323285e-09,0,1,21.6929292409,25.4854987686
195,195,246.756379075,-24.3735889041,0.381827510073,0.0067888221562,0.00331396932021,0.004743200222,28.7001206622,0.000337411637546,3.47880110588,0.240727536113,0.0914950599148,0.251115067338,0.23903975199,0.403506947189,297.102207701,3.63123138204e-06,0.278096248352,0.72832952319,23.8844398036,29.3152550321,1.22737879863,False,True,False,90,1.00727925734e-09,0,0,1.65864528684,20.5378635758
196,196,246.549435577,-24.3654920103,0.352664961307,0.00671270638559,0.00271319265634,0.00426765341488,101.730988351,0.000262431273647,3.34353726265,0.546648912841,0.15668289035,0.61330299321,0.535323354071,10.3132163968,97.5645281428,7.51332899422e-05,1.49251065181,4.23209225629,22.3103784547,174.863151563,7.8377492304,True,False,False,113,6.41075765758e-09,0,0,25.1004643403,24.7556715971
197,197,246.54119522,-24.3580574844,2.83312611335,0.0126297032377,0.00517546388733,0.00808483599181,62.7677898714,0.000749803638991,3.23299664957,0.604631862316,0.181547996201,0.657354825354,0.595847526729,1.69868973096,124.610034253,4.44136515792e-05,3.24824705481,1.1465239897,95.2609782567,200.88515451,2.10878744042,False,False,True,113,1.670236671e-09,0,0,21.600789035,24.444839112
198,198,247.249643983,-24.3456857548,74.2845234167,0.0189207368607,0.0131693351228,0.0157852312143,93.7136650865,0.0043863512881,3.28474195741,0.126198217879,0.124776782667,0.154440186511,0.121119000991,1.72035208981,336.26071956,0.000171466477433,0.350065821771,0.0047125000696,1667.25708481,11.0883970281,0.00665068220682,False,True,False,198,2.5666177823e-10,0,0,2.57310258307,15.6676048954
199,199,246.53166291,-24.341069932,10.0739123848,0.0149996536546,0.00580160971591,0.00932856561203,10.6246252217,0.00127466618628,3.11695288309,0.552420694034,0.238991365015,0.607075673139,0.54325370623,6.23233818698,101.933418751,0.000216940553464,3.19652907625,0.317307611396,285.206365415,171.330149199,0.600723440902,False,False,True,199,8.63538828342e-10,0,0,20.5737830971,23.494981023
200,200,246.81380312,-24.6785356116,22.6010543336,0.0176826620439,0.00725394106182,0.011325589975,158.075493014,0.00187450909748,3.16766585569,0.453361860777,0.189071488711,0.495874711435,0.446252222797,4.28813439135,134.809437897,0.000220013864,2.58930306086,0.114565587191,542.7793651,114.312060853,0.210605023336,False,True,False,1,4.84795893872e-10,0,0,13.1011591237,18.7056532372
201,201,246.926021691,-24.6592609699,0.0771499914468,0.00380316216065,0.00242565712388,0.0030372960653,141.541890967,0.000187450909748,3.34543029362,0.424094510324,0.134617377781,0.448718290471,0.420059326941,3.47588073712,147.796002354,1.28262326486e-05,0.56860778434,7.37016004379,8.61456425731,93.6042736888,10.8658164119,True,False,False,201,1.85386048624e-09,0,0,6.97735570703,20.3291128711
202,202,246.918211922,-24.6466736832,0.46951136978,0.00617752166114,0.00506363986419,0.00559291917922,164.535655927,0.000449882183395,3.32017484842,0.417146875245,0.133826109941,0.468919532522,0.408339103104,4.72663179799,43.3201442282,5.91410254892e-05,1.14343983719,2.43538263561,32.2755842643,102.222095523,3.16716483538,False,True,False,202,4.72456678419e-09,0,0,14.8929852763,20.2410812028
203,203,246.897400898,-24.6223306759,0.0280063679258,0.00337992221192,0.00208120718631,0.00265222894875,38.302946928,0.000112470545849,3.36090131973,0.433351293828,0.132659974995,0.4723088011,0.426850519612,1.52597805281,139.222055455,4.29368619588e-06,0.550099457133,19.6419420966,3.51878199183,103.705122703,29.4718805949,True,False,False,203,6.05949247698e-09,0,0,11.4543757268,20.4568296152
204,204,246.949497947,-24.5982370951,0.288359715554,0.00630529744432,0.00379307727592,0.00489044787867,81.7491474387,0.000337411637546,3.45421824842,0.338460755917,0.0738908780895,0.364729553077,0.334107787096,2.07569434673,70.9923972147,1.98573213088e-05,0.604879229973,2.09765510696,19.4209864727,61.8429277829,3.1843350424,False,True,False,114,5.14127325546e-09,0,0,5.99691779902,19.5467715518
205,205,246.905308083,-24.5907521146,2.62718965421,0.0103345289268,0.00633440826106,0.00809092858749,121.002472942,0.000862274184839,3.25068817253,0.440372932696,0.147942703069,0.471251318772,0.43527788152,7.56134511679,210.527506836,0.000197995713453,1.67063530013,0.635902055057,107.955063197,103.241258532,0.956335492514,False,True,False,114,2.12086066655e-09,0,0,9.13872260238,19.236480052
206,206,246.885041515,-24.5691077471,1.79058517363,0.0157167438515,0.00401560200689,0.00794431797901,145.554021744,0.000712313457041,3.32522621119,0.341103124076,0.107809621755,0.387659926032,0.333127400046,5.82162361748,69.7596851936,0.000146966162038,1.11003472406,0.61992846831,48.3809826516,69.8634374277,1.44402683862,False,True,False,114,2.58401525288e-09,0,0,11.0150004005,18.9199265687
207,207,246.859382626,-24.547024363,13.9263688166,0.0141297642897,0.0101054330065,0.0119493676162,4.3605680542,0.00183701891553,3.36704517339,0.181005868344,0.0896582806914,0.215421361478,0.17493076273,2.34946869558,166.816094582,0.000134189797813,0.515585367509,0.0370222399176,418.547981137,21.5737511837,0.0515442724753,False,True,False,207,2.92346356314e-10,0,0,4.42927358679,19.0410135546
208,208,246.829977018,-24.5227086261,0.581259267516,0.00533801600175,0.0037607388176,0.004480500417,131.099075007,0.000299921455596,3.42767036737,0.140313103984,0.0600314119677,0.218120802347,0.123562047554,6.56601070331,318.776998566,5.27247612499e-05,0.198197797379,0.340980021232,46.2415406172,22.1178193207,0.478310606122,True,False,False,98,5.2176918342e-09,0,0,9.05412916839,18.3910047045
209,209,246.738043692,-24.5061455436,6.82981477723,0.013896092098,0.00470038609149,0.00808189322025,144.404676938,0.00101223491264,3.51144881672,0.123520185299,0.0543780190002,0.220564601294,0.0998244896535,1.55916986366,159.170610621,4.07361179613e-05,0.36556353064,0.0535246624636,208.717333669,22.6162064183,0.108358065048,False,True,False,85,2.31724713184e-09,0,0,10.8405434364,18.3042457665
210,210,246.758189136,-24.4821545651,0.330257778539,0.00487876066826,0.00391210214867,0.00436877672732,156.621290265,0.000299921455596,3.21629137853,0.442548669999,0.170739981191,0.487775065715,0.43494909855,11.171630627,34.1727664853,8.52896356916e-05,0.966445060673,2.92633549753,28.7465557445,110.608200075,3.84770269725,True,False,False,210,9.9083191935e-09,0,0,13.6596984425,20.775419416
211,211,246.635525495,-24.4431274902,0.455483521616,0.00594123983077,0.00337061700623,0.00447500212421,137.603833005,0.000262431273647,3.12545981398,0.688131126714,0.198505159962,0.746461206759,0.678425974792,12.9330853707,49.3388833775,0.000103597345443,2.31838660827,5.08994617422,32.5565114016,259.037486902,7.95654926617,True,False,False,211,7.2719183526e-09,0,0,27.1666514041,23.7925650602
212,212,246.816810905,-24.42178923,0.341825827019,0.00584490811775,0.00384497760067,0.00474062662427,103.499490491,0.000299921455596,3.48593862587,0.180645960135,0.073014233582,0.249415485155,0.16716914925,4.86513100307,233.408279285,4.37346880198e-05,0.274195742318,0.802150453959,24.8353028773,28.9197783384,1.16446247832,True,False,False,112,5.10158212962e-09,0,0,9.60155484209,19.8376305504
213,213,246.58190788,-24.4184209471,1.84726879332,0.00995718571309,0.00499099267207,0.00704955608025,70.2381615212,0.000599842911193,3.07143033905,0.658788603187,0.227606477891,0.713764798991,0.649648308636,9.44284567414,36.5256820241,0.000187709573469,3.33925934556,1.80767377094,78.7835891768,236.84181724,3.00623289335,False,True,False,228,5.13317123655e-09,0,1,24.4973421098,24.0110280344
214,214,246.836818783,-24.4124011798,106.084383445,0.0232089004352,0.0132050144862,0.017506395016,126.426891507,0.00468627274369,3.04991432055,0.184797247526,0.169984042929,0.234820783989,0.175565199619,6.09866269722,258.219927793,0.000747632294812,0.897527821424,0.0084605084394,1941.06092578,25.6342845173,0.0132063265902,False,True,False,112,1.95389719697e-10,0,0,6.81465015783,18.6220096471
215,215,246.633717657,-24.4096894018,3.27247997497,0.00586588352282,0.00522895727111,0.00553827177901,128.792387841,0.000487372365344,3.45876143399,0.199193747129,0.0666673021143,0.305837750861,0.176470851175,1.417183219,317.05616219,1.73873950068e-05,0.481653338656,0.147182975095,236.911334237,43.4840829301,0.183545810799,False,True,False,99,2.43003017473e-09,0,0,17.4851732013,26.4114446003
216,216,246.752738194,-24.3894008846,0.237545264132,0.00482788165983,0.00321192604299,0.00393786729534,66.3089974981,0.000262431273647,3.46763994793,0.221063683942,0.0706975604393,0.29492555141,0.206950943393,5.456603568,278.719532699,3.3845781542e-05,0.318466683516,1.34065684146,20.8945025581,40.4364418137,1.93526702544,True,False,False,90,3.33327322518e-09,0,0,12.3730269033,20.7886158208
217,217,246.537102908,-24.3608518094,0.316467126506,0.00747852854892,0.00250345619045,0.00432691213122,72.8786410748,0.000262431273647,3.21507132406,0.500472132024,0.156457952644,0.576874562026,0.487264328089,5.0582083752,303.146601453,3.78802519882e-05,1.33881010523,4.23048712837,17.9702750252,154.707336853,8.60906895615,True,False,False,113,7.41382471624e-09,0,0,26.7225369949,25.1503281973
218,218,246.765162281,-24.4754193729,0.0785814282881,0.00456219864633,0.00241885360779,0.00332194079645,88.3356787943,0.000149960727798,3.32174718659,0.455528835412,0.112170589756,0.481736355203,0.451235418501,12.445948623,359.312635542,5.49378642133e-05,0.716784922965,9.12155630891,7.31455656764,107.886468617,14.7495569443,True,False,False,218,1.48419441881e-08,0,0,7.9744996323,20.9008826932
219,219,246.672866937,-24.4504666675,0.145774588558,0.00427093841224,0.00279196757422,0.00345316109651,158.358081228,0.000187450909748,3.29529782218,0.479582507572,0.129299131183,0.534070496035,0.470367442504,13.0128309606,296.707413884,6.20676723042e-05,0.915782080736,6.28217914927,14.4944183269,132.600544131,9.14838671965,True,False,False,85,2.18078354099e-08,0,0,17.9310251181,21.7624316372
220,220,246.545062771,-24.3548413849,0.0671318700337,0.00483491690356,0.0,0.0,90.0,0.000112470545849,3.22048428563,0.653199501086,0.166317956302,0.673647897886,0.649899516833,8.59098976826,90.0,0.0,0.0,0.0,5.89633305505,210.966768568,35.7793168395,True,False,False,113,3.79880812193e-09,0,0,8.80836440949,24.0155584782
221,221,246.529944748,-24.3468721949,0.200423662028,0.00456019914597,0.00245503823159,0.00334596223036,68.679616814,0.000187450909748,3.13265236911,0.542176910449,0.163820673056,0.604087372273,0.531703163834,14.816511837,128.017872395,6.63510854879e-05,1.13526873507,5.66434483626,18.6641175095,169.647571746,9.08950405291,True,False,False,199,1.10995779335e-08,0,0,23.0390111955,23.9603431486
222,222,246.547112123,-24.4107620867,0.109600339233,0.00498395941518,0.00181547896206,0.00300803481795,148.527958581,0.000149960727798,3.04335202759,0.82496385201,0.215139734627,0.873087524166,0.817076434669,13.9394237858,179.878255877,5.0451087349e-05,2.1319477289,19.4520176107,9.33855491944,354.375507254,37.9475743636,True,False,False,222,1.51706641476e-08,0,1,26.5292283291,24.6828151039
223,223,246.611230978,-24.3655935703,12.8198312541,0.0100618403806,0.00737973308414,0.00861705845078,127.299773467,0.00116219564044,3.2231949965,0.249170293172,0.109267602005,0.349742403648,0.229214319357,2.23931204166,351.893699663,6.65108785446e-05,0.98001731371,0.0764454144741,541.062159023,56.8649568358,0.105098750462,False,True,False,99,1.34729560681e-09,0,2,19.5549232565,23.7456903626
224,224,246.532824564,-24.3366738081,0.599825156634,0.00574199610537,0.00350614382815,0.00448689917494,174.731556706,0.000299921455596,3.09804439545,0.489264095753,0.170488742109,0.550619005162,0.478818566711,6.14827265769,143.083562384,4.95114598223e-05,1.26481449497,2.10863862741,44.3612789474,140.94527709,3.17721401263,True,False,False,199,2.70375606339e-09,0,0,20.7132798004,23.2034734604
225,225,246.573174311,-24.4270978528,0.244789993293,0.00483692713201,0.00290117769354,0.00374603591823,104.612652694,0.000224941091697,2.93427913943,0.6074351974,0.234321169531,0.669780579204,0.596956437819,18.405321167,88.3596449727,0.000103311166659,1.562482519,6.38295094495,21.4914833448,208.551459877,9.70391184876,True,False,False,228,1.1845912869e-08,0,0,25.8513718919,24.751844585
226,226,246.679763992,-24.4578166882,0.338875266151,0.00447502360137,0.00355994588014,0.0039913458674,7.80677413343,0.000299921455596,3.02470656157,0.424416314198,0.136499708284,0.498573064248,0.41143777043,8.20454794433,236.610817419,5.22821422457e-05,0.922476082862,2.72216999883,32.1578361098,115.559527226,3.59351067128,True,False,False,85,1.07984669394e-08,0,0,22.2209398467,21.983126006
227,227,246.558122997,-24.3951647026,0.172900314394,0.00435019741893,0.00265548474296,0.00339880609551,108.883472171,0.000187450909748,3.0477136978,0.559388035816,0.131376496138,0.619192942783,0.549311964268,7.31436397626,115.976717451,3.37978703831e-05,1.2115923227,7.0074616518,16.8783151831,178.237929533,10.5601730741,True,False,False,113,1.42614209347e-08,0,0,22.8829113847,25.3559004548
228,228,246.579600343,-24.4206985586,3.77259577211,0.0135390486661,0.00561610184361,0.00871990115622,51.7514165944,0.000862274184839,3.03507182081,0.645813074585,0.236721693303,0.702817177425,0.63630968692,8.68935406584,89.7834284815,0.000264283840507,4.00474092163,1.06153459409,118.329873537,229.632242951,1.94061090482,False,False,True,228,3.33431692554e-09,0,1,24.9582450403,24.2108649083
