,ID,RA,Dec,M,Axis_maj,Axis_min,R_eff,PA,Area,V_cen,V_RMS,V_RMS_dendro,V_RMS_refit,V_disp,V_disp_dendro,V_disp_refit,V_disp_nt,V_disp_nt_dendro,V_disp_nt_refit,V_grad_abs,V_grad_PA,j,M_vir,M_vir_dendro,M_vir_refit,virial,virial_dendro,virial_refit,m_lin,m_lin_vir,m_lin_vir_dendro,m_lin_vir_refit,virial_lin,virial_lin_dendro,virial_lin_refit,id_unresolved,id_resolvedLeaves,id_resolvedBranches,id_SCIMES,abundance_pNH3,count_c2d,count_SCUBA2,Tkin,Tdust
0,0,246.776482934,-24.5269276046,361919.383247,0.256668043515,0.125295487514,0.179330275307,139.415118923,0.24248649685,3.60821735682,0.169826069243,0.450904762924,0.852028618949,0.267969761199,0.496268077101,0.876880645602,0.148428290426,0.443289035316,0.848022895394,1.01450478734,203.4089691,0.0130503248561,11.9730093665,41.0642999191,128.20728777,3.30819788072e-05,0.000113462560504,0.000354242667579,598800.727058,33.3825656209,114.493494891,357.461358799,5.57490398934e-05,0.000191204669128,0.000596962132219,False,False,True,0,5.00811787414e-12,16,50,13.9491917489,20.0555898872
1,1,246.867686035,-24.69781894,17163.2646992,0.10311689106,0.0394543515392,0.06378408947,119.260956161,0.056460214016,3.69509420591,0.14759342869,0.412732879766,0.846731532743,0.2532642178,0.461202096554,0.871385811432,0.122760906742,0.404518046658,0.842757799473,6.06741103479,3.71460701246,0.00987388645995,3.80397942548,12.6145869487,45.0309860769,0.000221634956527,0.00073497595998,0.00262368418048,70682.5754892,29.8191873325,98.885059374,352.995444875,0.000421874657595,0.00139900192784,0.00499409426485,False,False,True,1,1.72441934595e-11,3,6,13.7518192321,18.6895780122
2,2,246.873025861,-24.6998634306,13247.1858034,0.100325765154,0.0352273652758,0.0594492420106,118.783981712,0.0491871187178,3.73275832014,0.14616274769,0.388304178445,0.74056136931,0.252017196904,0.439237126984,0.768492199334,0.121174356091,0.379604808662,0.736037239191,5.37658754101,356.692720943,0.00760080089046,3.51062793044,10.6640588877,32.6440006051,0.00026500933727,0.000805005609944,0.00246422154031,56072.9523371,29.526263176,89.6904529563,274.553547708,0.000526568727798,0.00159953148921,0.00489636333143,False,False,True,2,2.08329562695e-11,1,6,13.6836995716,18.5047201091
3,3,246.885591186,-24.7037195166,5847.29020607,0.083281948954,0.0281729099512,0.0484385677786,120.249800734,0.0324290073864,3.74971263582,0.142651437429,0.346075937219,0.692608060853,0.249264883369,0.401935447308,0.722142281991,0.117162487125,0.336372070944,0.687810687433,4.64806688276,347.359542538,0.00436229415289,2.7982829109,7.27582157093,23.4863198008,0.000478560634462,0.00124430656159,0.00401661606884,29815.7710464,28.8848642645,75.1035993073,242.434085873,0.000968778040974,0.0025189219219,0.0081310688057,False,False,True,5,3.73224227463e-11,1,3,13.5650176194,18.1931574243
4,4,246.759486774,-24.4912174258,219687.847826,0.207908232227,0.113976983605,0.153937497628,121.750763926,0.185351459559,3.60168543749,0.178254335666,0.40553419082,0.876659761404,0.273661352912,0.455602796104,0.9009152375,0.157927362504,0.397019424673,0.87275356253,1.0232493775,174.312833807,0.00969907517446,10.7188820109,29.7094979281,116.169044104,4.8791419812e-05,0.000135235053837,0.000528791397674,448721.237293,34.8156952531,96.4985737262,377.325362221,7.75886950728e-05,0.000215052388223,0.000840890358783,False,False,True,4,6.89816593102e-12,13,43,13.9975738977,20.4683563271
5,5,246.884040117,-24.7040860572,7189.82821482,0.0838102086388,0.0312649729764,0.051189099506,119.668803494,0.0363279863091,3.7350864752,0.14374354866,0.348864111014,0.716538440403,0.250163805382,0.404506971132,0.745216115175,0.118398654012,0.339208197784,0.711887189143,5.06951793241,352.45342494,0.00531351161662,2.97854775453,7.78767177759,26.4313955505,0.000414272450681,0.00108315129999,0.00367622073306,36430.3939958,29.0935744453,76.0676770322,258.174062501,0.000798607186312,0.00208802784403,0.00708677656713,False,False,True,5,3.19033961847e-11,1,3,13.6092259058,18.2575956196
6,6,246.890906253,-24.7046175679,3151.60076289,0.077478559444,0.0240564225319,0.0431724097445,122.722531335,0.0236188146282,3.80434689521,0.139262155752,0.318187280474,0.576530288853,0.246269898709,0.377489152746,0.611262700441,0.113381429164,0.307741037092,0.570831476374,3.88949169916,333.210395477,0.00289978247463,2.43448488421,5.71996500769,14.9982369415,0.000772459796583,0.00181493959357,0.00475892667564,17273.9610347,28.1949154404,66.2456073398,173.701642209,0.00163222062292,0.00383499807639,0.0100556926034,False,False,True,5,5.69292650928e-11,1,3,13.3933965789,18.0035809041
7,7,246.733508989,-24.6385179641,2.37688631742,0.00902210648647,0.00590372232039,0.00729821974464,118.102753569,0.000674823275092,3.83514394875,0.464523862693,0.402663246661,0.740919627041,0.524297801155,0.470365236275,0.779786931809,0.454328726189,0.390857854777,0.734570667917,4.80755447254,345.20748308,0.000102427854572,1.86531050807,1.50129312919,4.12616859795,0.784770602785,0.631621764234,1.73595538319,111.877496082,127.792158453,102.853379435,282.683225658,1.14225079152,0.919339304476,2.52672106149,False,True,False,7,6.95282638165e-10,0,0,19.1886701217,21.0271227157
8,8,246.760235871,-24.4905703809,213138.88213,0.205742705255,0.113607809509,0.152885506397,121.309900145,0.182089813729,3.60566458272,0.178046100907,0.393156766669,0.882840326342,0.273495556148,0.444602798419,0.9069214117,0.157700591056,0.384371312078,0.878963084656,1.0161807007,173.787777965,0.00950087416383,10.632735071,28.0988682813,116.91864011,4.9886416616e-05,0.000131833610088,0.000548556128951,439926.895239,34.7735221001,91.8951342852,382.373198301,7.90438649612e-05,0.000208887283955,0.000869174407017,False,False,True,8,7.0704870866e-12,13,43,13.9922098047,20.4444087002
9,9,246.854636469,-24.6818619341,138.28694947,0.0197231286567,0.0126462591213,0.015793156609,111.5415742,0.00382399855885,4.14026415459,0.127627989696,0.203878507594,0.360974578835,0.23575518232,0.284355495983,0.411818223009,0.100306902998,0.187986746591,0.352243122858,6.99993743175,5.4027555436,0.000698380385488,0.816149214,1.18732694535,2.49033740142,0.0059018527571,0.00858596526931,0.0180084773796,2977.4718536,25.8386981845,37.5899186827,78.8422942634,0.00867806631095,0.0126247771704,0.0264796102667,False,True,False,5,4.23560461208e-10,0,3,12.7560076458,18.8963376071
10,10,246.772315896,-24.6547566182,36.4883189632,0.0169231500593,0.0075994787363,0.0113405078822,94.4333646984,0.00209945018917,4.38173858325,0.140304455744,0.312026333661,0.193888418934,0.243106841147,0.369832433419,0.277503720529,0.115923506049,0.301849882973,0.177046993619,7.744965371,249.119821257,0.000398423073331,0.623167784651,1.44218383545,0.811985462093,0.0170785556134,0.0395245348767,0.0222532987313,915.61927427,27.4753031841,63.5855047424,35.8002247573,0.0300073447078,0.0694453541218,0.0390994660809,False,True,False,10,3.83245025539e-10,0,1,12.7962621573,18.5946949779
11,11,246.729396764,-24.6144784559,15.5120659152,0.0133676700343,0.00762374203025,0.0100951309,61.5392495964,0.00161207782383,4.41881291428,0.183427394501,0.203223784152,0.388112408257,0.276818801605,0.290315253326,0.440016228464,0.16380816362,0.185707866985,0.379234422037,6.45173788248,297.915233563,0.00026300294735,0.71925228718,0.79109709957,1.81730353625,0.0463672789369,0.050998822716,0.117154191207,492.783548498,35.6237226792,39.1821120207,90.0089139139,0.0722908116307,0.0795118102869,0.182654056103,False,True,False,11,4.85251952516e-10,0,0,13.9544318375,20.2124715459
12,12,246.762522867,-24.4903092468,197163.623499,0.199976884515,0.114016082361,0.150998612362,120.915587422,0.1738419737,3.61652055453,0.177531811748,0.374025210036,0.906557225033,0.2729956698,0.427672712819,0.929975856572,0.157165265243,0.364798895501,0.90278977546,0.988096531811,172.878939708,0.00901166997812,10.4631536194,25.6787670645,121.421175347,5.30683775925e-05,0.000130240896413,0.000615839642182,418686.799897,34.6465224273,85.0298114097,402.060566809,8.27504531688e-05,0.000203086917072,0.000960289569453,False,False,True,12,7.50957502825e-12,12,42,13.9628895077,20.370108177
13,13,246.765548622,-24.4887011707,151018.292601,0.18733698214,0.113959519163,0.146112396483,118.647280431,0.147823787427,3.62864919561,0.175483522491,0.356499977416,0.87033982973,0.27108199551,0.412047588904,0.894529150357,0.155010519505,0.346880423762,0.866444004946,0.924937436297,169.308902248,0.00789853372545,9.98312572207,23.065344575,108.706168283,6.61054071672e-05,0.000152732123889,0.000719821197892,342332.642181,34.162487107,78.9301425826,371.995021982,9.97932504753e-05,0.000230565633706,0.00108664782772,False,False,True,13,8.97803841824e-12,11,38,13.8596152103,20.1846537493
14,14,246.764755645,-24.4896524169,170247.074631,0.19506229431,0.113361005871,0.14870258199,120.330338981,0.159370763468,3.62186034166,0.176518530092,0.360628489985,0.882627258214,0.272040933235,0.415812921491,0.906575068503,0.156101833602,0.351086739677,0.878771795138,0.935798088681,170.906318995,0.00827711833197,10.2321088148,23.9052120285,113.632923702,6.01015250156e-05,0.000140414818171,0.000667458891427,370636.858421,34.4046104574,80.3792769048,382.081205925,9.28256585274e-05,0.000216868007265,0.00103087752134,False,False,True,14,8.2698588787e-12,11,40,13.9104216791,20.2660082396
15,15,246.769533347,-24.4929459271,97670.8722347,0.172375199954,0.11313283502,0.139647037412,118.080769077,0.112620506576,3.66994756149,0.173738622556,0.33367363111,0.823836836354,0.269006630438,0.391813157449,0.849050405562,0.153297019338,0.32350109624,0.819769479856,0.773307300025,149.922857747,0.00603219753132,9.39584458026,19.9327806253,93.6002056118,9.6199044457e-05,0.000204081116194,0.000958322614207,240620.46357,33.6414031918,71.3684335688,335.131368865,0.000139811064665,0.0002966016793,0.00139277999839,False,False,True,15,1.20521439319e-11,10,33,13.6935492911,19.7891863086
16,16,246.769376726,-24.4935511489,119213.019985,0.175317540172,0.111939357798,0.140089017619,119.100659073,0.128028971358,3.66061199798,0.17505101801,0.33826068251,0.843450242597,0.270174510103,0.395944057078,0.868193364833,0.154694775183,0.328188823537,0.839461688405,0.773086902619,153.561957482,0.00606871142279,9.5076013506,20.4197243885,98.1782175712,7.97530450267e-05,0.000171287703232,0.000823552809784,288762.369846,33.9341424195,72.88124628,350.41368424,0.000117515805254,0.000252391772234,0.00121350189925,False,False,True,16,1.03777879005e-11,11,35,13.7493724049,19.9089004269
17,17,246.764504578,-24.4895466274,174626.064992,0.19564564739,0.113190802005,0.148812928662,120.393291204,0.161882605658,3.62047914126,0.176679458855,0.361468393192,0.897163409199,0.272183101824,0.416566212041,0.920744368728,0.156273375925,0.351944791293,0.893368859793,0.938283389624,171.062741885,0.00831142225676,10.2504070158,24.0097077943,117.299709108,5.86991811118e-05,0.000137492119492,0.000671719362821,379036.60489,34.4405795518,80.6707723926,394.118004946,9.08634657114e-05,0.00021283108637,0.00103978876937,False,False,True,17,8.1283229443e-12,11,40,13.9170873377,20.2720438996
18,18,246.77130185,-24.4912684198,133800.420231,0.173523018052,0.115616323402,0.141640719331,118.789420058,0.137476497209,3.64281174985,0.174282896225,0.349033247646,0.880609079274,0.269731293389,0.405221730266,0.904352140052,0.153810079425,0.339274550443,0.876786954235,0.888162130234,169.802257503,0.00712735663475,9.58139891318,21.6247803808,107.706371068,7.1609632441e-05,0.000161619674613,0.000804977823551,327448.240197,33.8228969692,76.336735943,380.209771512,0.000103292346139,0.000233126114518,0.00116112937814,False,False,True,18,9.52191728164e-12,11,36,13.7587988413,19.8911482633
19,19,246.790043811,-24.5066388359,51437.6473051,0.130516699304,0.0552762575597,0.0849380638264,50.8157467412,0.0798540875525,3.72934295756,0.16412461956,0.321572449539,0.765024268576,0.257840680324,0.378092271789,0.790447377878,0.143768257568,0.311674929118,0.760916915733,1.18976962566,137.115056768,0.00343342513887,5.25029084656,11.2895358362,49.3430978486,0.000102070975669,0.000219480019551,0.000959279835564,167362.166852,30.9065842217,66.4574592803,290.465167357,0.000184668881881,0.000397087708234,0.00173554855808,False,False,True,19,1.72154840263e-11,7,20,12.8382490318,18.6298292332
20,20,246.831021817,-24.4788219098,11905.6126248,0.075767393816,0.0433672514324,0.0573221040961,44.1252294064,0.0356156728521,3.75044798276,0.319503497073,0.373935096025,0.761275188653,0.384490928264,0.430787935433,0.790753249841,0.307946947059,0.364110276702,0.756497686989,3.11197408586,22.527472716,0.00409015917997,7.87902442764,9.89070653261,33.3259257943,0.000661790760033,0.000830759982228,0.00279917773612,66728.5479859,68.7258829023,86.2730589585,290.690007981,0.00102993224005,0.00129289579292,0.0043563065098,False,False,True,20,3.80527309738e-11,4,17,14.8529809061,17.7872092285
21,21,247.074470344,-24.6098302266,474.415022564,0.052404326565,0.0166896009633,0.0295737603142,80.4746694383,0.0123717600433,3.89708983208,0.116353301285,0.291931850127,0.337625763236,0.224054454872,0.349122490176,0.38814103626,0.0879055486411,0.281804009696,0.32890796701,4.83086340853,36.6853175718,0.00169004335927,1.38035834179,3.35150854117,4.14251223054,0.00290960082658,0.00706450761837,0.00873183190565,3844.44422302,23.3375520585,56.6635508228,70.0369548297,0.00607046186774,0.0147390747624,0.0182177060628,False,True,False,21,1.07023112195e-10,1,2,11.9024080183,17.728107246
22,22,246.764194402,-24.4903197133,179204.465557,0.195666073954,0.11449824339,0.149677726328,120.704049636,0.164206996939,3.62431900703,0.176767612364,0.366435439962,0.898895636298,0.272249665981,0.420889562125,0.922435069152,0.156370458034,0.357043222909,0.895107980258,0.970511638074,172.192291675,0.00869711261983,10.3150186418,24.6531045297,118.415053961,5.75600535944e-05,0.000137569699801,0.000660781825903,388933.697678,34.4574269494,82.3539518354,395.566718127,8.85946040549e-05,0.000211742907151,0.00101705437325,False,False,True,22,7.97337380941e-12,11,40,13.9187372428,20.2780484235
23,23,246.763382133,-24.4885296174,78312.3658746,0.159433888467,0.114522785946,0.135125175602,113.736843209,0.0965372185201,3.68365352712,0.171963722657,0.332176219604,0.811508523982,0.267545316791,0.390320401077,0.836991672074,0.151371759178,0.321998336079,0.807395796411,0.883962399464,137.089874188,0.00645604168912,8.9930934554,19.140659727,88.0149960137,0.000114836186533,0.00024441426987,0.00112389652682,208589.278632,33.2768983106,70.8256608799,325.679488007,0.000159533119482,0.00033954602722,0.00156134337366,False,False,True,23,1.3942277111e-11,10,32,13.63820183,19.7874877488
24,24,246.998638498,-24.5618468422,248.413343381,0.0281076252401,0.0151092307121,0.0206078770018,168.985005153,0.00742305602601,4.10120867189,0.128126051872,0.202130267078,0.168903036752,0.225921880262,0.274738158402,0.251301903369,0.104539808677,0.188066294958,0.151791048003,2.10848429511,274.146603897,0.00035817631917,0.977975488286,1.44626990028,1.2100489471,0.00393688791019,0.00582202984992,0.00487111090986,3753.12510776,23.7281959758,35.0902206024,29.3588938587,0.00632225020336,0.00934960055819,0.0078225193714,False,True,False,24,2.39305889085e-10,0,1,11.2408052589,17.0139335868
25,25,246.654703896,-24.4988940217,10.860907945,0.0154740003648,0.0111322202638,0.0131247849667,105.31257839,0.00176203855163,3.65337939405,0.337672107044,0.328749540432,0.534980706774,0.416235269277,0.409030081839,0.587736083744,0.323473395249,0.314147808988,0.526133958397,3.09634740819,168.036092178,0.000213350697567,2.11420978851,2.04164779258,4.215363541,0.194662343077,0.187981318222,0.388122573394,298.061447302,80.5426448459,77.7783330454,160.587908742,0.270221612271,0.260947310527,0.538774505042,False,True,False,25,3.90754016457e-10,0,0,19.2287910581,23.5847051167
26,26,246.831235986,-24.4752934517,6911.49212989,0.0740739186989,0.0341811032502,0.0503182696761,49.6470420862,0.0249309709964,3.78283189737,0.324526788748,0.342324451424,0.879882890045,0.388364962569,0.403355596936,0.905374843769,0.313216672373,0.331621889025,0.875774484346,2.96821029624,26.8893920212,0.00300611821607,7.0564116898,7.61167088762,38.3495854302,0.00102096791217,0.00110130645374,0.00554866947824,39623.1294465,70.1177895744,75.6352606778,381.070192567,0.00176961765903,0.00190886640542,0.00961736737836,False,False,True,26,5.93924517793e-11,4,17,14.7747137872,17.2215524803
27,27,246.766528728,-24.490281808,159462.828287,0.189444405989,0.113937509382,0.146917744962,119.848842752,0.153297353992,3.62791310718,0.176035214159,0.356178296142,0.883990653665,0.271570003682,0.411855373789,0.907855355243,0.15559870111,0.346533602708,0.880148870891,0.922108048945,170.564552107,0.00796141589882,10.0743254985,23.1708441537,112.586340163,6.31766387611e-05,0.000145305613871,0.000706035013757,357453.828452,34.2855980435,78.8565198835,383.161136158,9.59161584365e-05,0.000220606169544,0.0010719178413,False,False,True,27,8.64858533318e-12,11,38,13.8826291913,20.1915897925
28,28,247.01477216,-24.6473779292,3.27578956638,0.0126312374176,0.00923870151981,0.0108026030348,104.397930773,0.00123717600433,3.77158949434,0.361774989661,0.310477668595,0.405331074436,0.425819437923,0.383193728113,0.463394357402,0.350551863363,0.29732448345,0.395346361645,2.29728861811,288.267949679,0.00010723397052,1.82119945033,1.47483464255,2.15679082971,0.555957400018,0.450222644849,0.658403351621,110.131707604,84.294472567,68.2629287496,99.8273667361,0.765396945177,0.619829931224,0.906436201783,False,True,False,28,1.12195542424e-09,0,0,16.3756729194,18.8624137361
29,29,246.852535519,-24.4537591896,1030.37028334,0.0576505623079,0.0120049433264,0.0263076364054,77.7850541118,0.0082478400289,3.96974853144,0.297712724942,0.260401420289,1.23834398304,0.363013951658,0.333099327821,1.25564409083,0.285997381848,0.246922124404,1.23557980567,2.66684779256,128.361147814,0.000738281324416,3.22334352501,2.71398518167,38.5649767438,0.0031283351016,0.00263399015437,0.0374282695915,7589.83008122,61.2625071164,51.5816993181,732.961641811,0.00807165726515,0.00679615996222,0.0965715482385,False,False,True,29,1.53780431454e-10,1,12,14.0074220211,16.3064725935
30,30,246.869682438,-24.4508131173,381.7999002,0.0293014606286,0.0113897700501,0.0182684673328,71.9562571811,0.00449882183395,4.00591522586,0.295252021987,0.278163638537,1.50923311406,0.359537113615,0.345641706661,1.52311449739,0.283729269182,0.265901394331,1.50702127864,11.7423165782,130.265611268,0.00156753772731,2.19567317797,2.02923583579,39.4044568198,0.00575084796202,0.00531491976484,0.103207090413,5533.35860451,60.0946192684,55.5393016508,1078.48283334,0.0108604237613,0.0100371773493,0.194905645996,False,True,False,29,2.45157249916e-10,0,11,13.6655389442,15.7465302405
31,31,246.986832179,-24.6493005806,3.18838395158,0.0129703095471,0.0112281348031,0.0120678243289,149.163051661,0.00127466618628,3.63296607447,0.401469854535,0.346161719049,0.489212784349,0.461487152577,0.41427078539,0.539556759075,0.391112949428,0.334094643544,0.480749876215,5.80444734297,7.65979433202,0.000338126201818,2.38960621078,1.9256427704,3.26649037479,0.749472537521,0.603955734205,1.0244971824,104.390877794,99.0073332882,79.7841731007,135.338826858,0.948428975599,0.76428299854,1.29646219783,False,True,False,31,2.24777743574e-10,0,0,16.8143712168,19.4299711881
32,32,246.769428316,-24.4927675643,92029.8366477,0.171716406551,0.113283547053,0.139472734329,117.874750901,0.108534076744,3.67252384757,0.173353774202,0.332647562721,0.82275581535,0.268657213999,0.390870270791,0.847969515547,0.152888857893,0.322456001373,0.818688343346,0.773959843894,148.835120343,0.00602222600816,9.35975449325,19.8122008991,93.2455088221,0.000101703478287,0.000215280191955,0.00101320954398,227593.123196,33.5540653816,71.0253548638,334.278628976,0.000147430049337,0.00031207162091,0.00146875540123,False,False,True,32,1.25703384468e-11,10,32,13.6759238473,19.745263533
33,33,246.79805146,-24.5839817281,1.05364363538,0.0134057658258,0.00432364892459,0.00761326638152,101.100610027,0.000562352729243,3.44438940005,0.44001135979,0.365870043073,0.504406353225,0.494776033718,0.430179282644,0.552828269874,0.430692735342,0.354608409306,0.496298302139,7.51364293714,200.773576693,0.000174201782802,1.73287191818,1.30993014412,2.16336421175,1.6446470704,1.24323832094,2.05322192353,33.3767768621,113.806074248,86.029443768,142.078583839,3.40973829554,2.57752401089,4.25680959028,False,True,False,33,1.26599749295e-09,0,0,16.6198991862,21.3779912976
34,34,247.0351841,-24.6757688193,5.39112633083,0.01311529795,0.00971092048902,0.011285460362,93.807303721,0.00157458764188,3.45369277753,0.25345264219,0.27471758009,0.331467290882,0.33857079643,0.354769913003,0.400327999629,0.237173967552,0.259774898444,0.319192440349,5.8376016843,11.4710542449,0.000297394552654,1.20280825089,1.32065983908,1.68162572037,0.223108897302,0.244969187891,0.311924747663,174.559553978,53.2901721467,58.5115625203,74.5040816425,0.305283617723,0.33519541719,0.426811824071,False,True,False,34,1.95452034398e-09,0,0,16.3597299539,18.9500350449
35,35,247.099297338,-24.6270697787,0.325711916742,0.00686019550513,0.0051784362293,0.00596029235389,89.1361789179,0.000412392001445,3.74277569656,0.361578878188,0.300826187156,0.392006555385,0.430181408007,0.38054323476,0.456054709556,0.349471715292,0.286160076733,0.380867869611,13.6235634398,350.608510325,0.000193591299375,1.0255314053,0.802516004296,1.15260256296,3.14858423222,2.46388284568,3.53871781692,20.1622702513,86.0302938521,67.3218658286,96.6901029784,4.26689518491,3.33900225468,4.79559602035,False,True,False,35,1.19001233751e-09,0,0,17.6339204588,18.9702923509
36,36,246.771334798,-24.6199019937,8.81499101109,0.014598094313,0.00998574671082,0.0120736437031,116.34071905,0.00127466618628,3.56922073523,0.650148748488,0.289464946721,1.52296771016,0.689799332039,0.370026591885,1.54031177673,0.643640214821,0.27453467241,1.52020063714,10.4031758667,292.095143699,0.000606600330725,5.3414851224,1.53703003983,26.6338381292,0.605954687382,0.174365468767,3.02142544396,256.429499446,221.20435445,63.6522858228,1102.97432921,0.862632243669,0.248225285938,4.30127708239,False,True,False,36,2.87715243409e-10,0,0,17.2485497747,22.091308069
37,37,246.71054908,-24.4079846876,4.56991630946,0.0135256160244,0.00765067592845,0.0101725171386,158.029936793,0.00116219564044,3.45534804654,0.288560534137,0.297129791709,0.444371448271,0.378083115645,0.38466319501,0.507095301213,0.271677007012,0.280762047646,0.433597968533,1.79106007398,141.917620782,7.41356337603e-05,1.35201380205,1.39948364625,2.43212410178,0.295850888833,0.306238353501,0.532203203972,143.480693971,66.4542405596,68.7874803838,119.543868476,0.463158064827,0.479419763593,0.83317040898,False,True,False,37,4.29306873237e-10,0,0,19.3749850341,21.4668589877
38,38,246.855553338,-24.6027975215,47.9695629628,0.0267034112094,0.0108207780131,0.0169985789079,118.718802809,0.00397395928665,3.68698315708,0.392329714732,0.241211929784,0.665479178452,0.455930707836,0.334863256206,0.704849446506,0.38127666556,0.222783495145,0.65902338926,2.72701546729,356.740497422,0.000315190285597,3.2854013536,1.77225306522,7.85205748221,0.0684892909313,0.0369453660981,0.163688326456,762.853765293,96.6375298605,52.1294478445,230.962174095,0.126678970803,0.0683347847467,0.302760744724,False,True,False,38,3.8027602618e-10,0,0,17.5149190144,20.0469894068
39,39,247.132154674,-24.3094781024,161.187350029,0.0246465499328,0.018054598772,0.0210946336814,20.871052715,0.00716062475236,3.37729739506,0.0969383673714,0.125940107811,0.128493260398,0.201008899137,0.21649120356,0.217986349186,0.0669520898831,0.104625264762,0.107684972206,2.43598438752,225.188803155,0.000433589211837,0.792466088488,0.919243624233,0.931984549102,0.00491642854321,0.00570295140448,0.00578199560284,2777.26356597,18.7835944548,21.788565711,22.0905601675,0.00676334600899,0.00784533595515,0.0079540740887,False,True,False,39,1.75383969577e-10,0,0,10.066586068,17.09110716
40,40,247.087777476,-24.6415422258,0.587748775352,0.00929289868847,0.00526092159693,0.00699208205102,6.45663822277,0.000562352729243,3.50933803966,0.292536857692,0.260518514112,0.355899202896,0.37261557586,0.348043747911,0.424180146739,0.277733279197,0.243778295712,0.34383455889,8.74424445615,302.12784702,0.000170999686329,0.902623538368,0.787503183365,1.16972917109,1.53573018987,1.33986358865,1.99018563738,26.8585650578,64.5461202959,56.313926068,83.6466994064,2.40318573078,2.09668409116,3.11433984751,False,True,False,40,1.73118868905e-09,0,0,17.2923226026,19.1814283952
41,41,246.733281055,-24.5464672206,10759.626646,0.0653485544797,0.0403759241933,0.0513664120006,158.433713902,0.0382399855885,3.71643866258,0.13908363383,0.197823227391,0.546240878776,0.233723519938,0.272793797342,0.577634420909,0.117270000375,0.183144819976,0.541098044197,1.61558101665,153.436890254,0.00170508955695,2.60892861377,3.55407298491,15.9354190614,0.000242473897989,0.000330315642153,0.00148103829116,69920.3337105,25.3952778884,34.5953011559,155.115166125,0.000363203041816,0.000494781693965,0.00221845574661,False,False,True,41,3.72504250975e-11,3,3,11.4544298909,19.1364214925
42,42,246.504828163,-24.5364305297,8.26422033528,0.0193892317377,0.00869027519757,0.0129806686912,23.3162243691,0.00202446982528,3.37175462771,0.312087408817,0.299328932586,0.404811199136,0.409355793518,0.399714178918,0.483782721778,0.293728702523,0.280135341982,0.390832581664,6.3206671332,278.755624222,0.000426007300626,2.02244666071,1.92829867238,2.82472322747,0.244723225987,0.233330985156,0.341801538787,181.002078579,77.9022525276,74.2757834074,108.804996671,0.430394242648,0.410358731737,0.601125675052,False,True,False,42,1.28946159598e-09,0,0,22.7818444096,29.1266296594
43,43,246.811024651,-24.4605133658,43.7054625523,0.0206987063206,0.006980041074,0.0120198926907,87.936308933,0.00213694037112,3.92689648267,0.27906174853,0.151842747937,0.552703540891,0.350041581961,0.260211202123,0.591721939531,0.266079284413,0.126407856568,0.546263608722,7.78781070255,340.88931644,0.000450066366074,1.36936112622,0.756712132508,3.91303798042,0.0313315783944,0.0173139028469,0.0895320116047,896.674448209,56.9622858312,31.4774911881,162.773415749,0.0635261615238,0.0351047041108,0.181530115054,False,True,False,29,9.01490164323e-10,0,1,14.4967948212,17.140861257
44,44,246.741228459,-24.3876795183,74.7389318869,0.0253867447993,0.0157592074251,0.0200018743407,47.5506800828,0.00461129237979,3.46275219204,0.232664673002,0.236025765911,0.315425619838,0.320402628523,0.322851601321,0.384731485522,0.215504052404,0.219128520995,0.302989221243,1.56656721374,156.919600176,0.00025069773689,1.90915400872,1.9384504882,2.75273422125,0.0255443041601,0.0259362883475,0.0368313294257,1250.20763165,47.7243776308,48.4567209848,68.8119066834,0.0381731613394,0.0387589387219,0.0550403828463,False,True,False,44,1.24560383739e-10,0,0,15.7536257898,20.7863710864
45,45,247.072510174,-24.6515936565,0.415119342777,0.00719316060918,0.00538209844498,0.00622208152705,74.9077934706,0.000487372365344,3.54998758241,0.28417533802,0.238308668372,0.302810945148,0.363126813249,0.328475997879,0.377888777635,0.269547369767,0.220660787705,0.289127360017,1.56512770337,119.655020911,2.42371284578e-05,0.762834739509,0.624196180983,0.826117486771,1.83762754683,1.50365477264,1.99007225547,24.5073012197,61.3006062516,50.1597558847,66.3859420019,2.50132014546,2.04672703188,2.70882303224,False,True,False,45,4.92764384833e-10,0,0,16.5913731775,19.2784455726
46,46,246.735130647,-24.5488185574,8173.66121871,0.0587684406033,0.039187458361,0.0479894344526,162.791979921,0.0324290073864,3.7295363741,0.137847049971,0.178427663919,0.378130518819,0.232068578564,0.258244936489,0.421706894932,0.116093517876,0.162210748591,0.370754076133,1.54486363191,156.336199545,0.00142311961468,2.40301479562,2.97568797685,7.93496771492,0.000293994910153,0.000364058149368,0.000970797235486,59062.8965986,25.0369151359,31.0035741282,82.6741115564,0.000423902594992,0.000524924714393,0.00139976391809,False,False,True,41,4.44410467267e-11,3,3,11.3153465092,18.8709883102
47,47,246.74426299,-24.5502686377,1710.27088263,0.0617941299556,0.0162184344612,0.03165760646,168.06892399,0.0138338771394,3.75274556195,0.13248666959,0.168194631384,0.340688703249,0.226329049038,0.248920780261,0.386963710625,0.110525720919,0.15150132472,0.33276419562,4.191906287,238.495522273,0.00168045817781,1.50777591585,1.82380546143,4.40754426242,0.000881600646518,0.00106638397458,0.00257710302337,11753.3036395,23.8138015544,28.8051698371,69.6127211638,0.00202613684499,0.00245081474286,0.00592282164222,False,False,True,41,1.48621374426e-10,2,3,10.9316445796,18.4420419339
48,48,246.822747704,-24.5523860999,0.562020649614,0.00691068871608,0.00536396733153,0.0060884077156,1.18408824472,0.000412392001445,3.33726616775,0.434143037435,0.359325744039,0.445650982859,0.497859138448,0.434164179905,0.507925529292,0.423164652803,0.345981411001,0.434963153557,4.16891610994,28.8578329029,6.18145344352e-05,1.40312002453,1.06706244608,1.46043401614,2.49656311649,1.8986178654,2.59854156095,34.53609398,115.228815979,87.6306660071,119.93562885,3.33647505262,2.53736470772,3.47276182767,False,True,False,48,1.73665147408e-09,0,0,19.2788511581,20.7367723572
49,49,246.808708554,-24.5005664896,362.926886152,0.0307890910303,0.0112884389393,0.0186429818991,149.527485901,0.00569850765633,3.63584814446,0.33470603639,0.231012826419,0.559406461612,0.398730317854,0.316740685025,0.599911097475,0.323397087612,0.21429995672,0.552714333787,1.89631977537,8.27650199592,0.000263634547622,2.75582746673,1.73900651796,6.23831496716,0.00759334062007,0.00479161667077,0.0171889027934,5005.69692064,73.9105868804,46.6397094458,167.310009764,0.0147652940344,0.00931732587594,0.0334239192698,False,True,False,49,3.94194610989e-10,1,4,15.2448156854,17.1000975058
50,50,246.621117535,-24.391596754,2731.20843393,0.0518253353321,0.0202655708974,0.0324078695297,140.173747975,0.0164581898758,3.44013418725,0.255732468519,0.274088257691,0.581058100019,0.350431657477,0.364043437122,0.628515526224,0.237278536358,0.256955991107,0.573175822901,4.09844925637,207.581241926,0.00172179133241,3.70028585817,3.99332836094,11.9031150527,0.00135481635609,0.00146211043849,0.00435818625368,22379.7381069,57.0893105883,61.6104733031,183.64544207,0.00255093738433,0.0027529577428,0.00820587985406,False,False,True,50,7.54385065005e-11,3,12,18.6359493715,25.3947812911
51,51,246.617842401,-24.3892589517,1372.43284144,0.0407411750918,0.0155481304256,0.0251684148094,152.905319187,0.0102723098542,3.43927503871,0.252891694673,0.262820124074,0.537704752554,0.347922949498,0.355204993168,0.588406806956,0.234317920261,0.245000196203,0.529223090426,5.32868299632,218.664911892,0.00135017978785,2.83269714236,2.95251502152,8.10194644429,0.00206399690887,0.00215130018196,0.00590334637853,14305.3941012,56.2748421745,58.6551644964,160.954643064,0.00393381977291,0.00410021311413,0.0112513253341,False,False,True,50,1.23717224543e-10,2,11,18.5362554312,26.2355582084
52,52,246.749429062,-24.5720139602,232.454422455,0.0217472491902,0.0133591135223,0.0170447637335,153.798180325,0.004461331652,3.82208382974,0.133032088211,0.127614086449,0.26835123641,0.225079811615,0.221920571744,0.323999646891,0.11168295859,0.105170822027,0.258433613968,4.44380520201,261.466770081,0.000516412772975,0.802864398132,0.780484422384,1.66363553396,0.00345385727513,0.00335758044154,0.00715682462132,4539.16278877,23.5516435043,22.8951376091,48.8019534906,0.00518854348264,0.00504391198873,0.010751311588,False,True,False,41,5.7511135685e-10,2,3,10.7015537281,18.1548156541
53,53,246.908247773,-24.7122103527,317.859056633,0.0340841811636,0.0118759939911,0.0201192328554,100.344878536,0.00761050693576,3.63920308241,0.151868271442,0.135057051322,0.288405394723,0.255954337823,0.246351493382,0.354438038146,0.127813042954,0.107296827493,0.276495703011,1.09839759972,285.142515972,0.000177845303406,1.22550343842,1.13527204602,2.35001261564,0.00385549322207,0.00357162088772,0.0073932536028,3960.26275241,30.4560180607,28.2136017357,58.4021426792,0.00769040338097,0.00712417420247,0.0147470373383,False,True,False,5,2.12288291882e-10,1,0,13.7809426995,17.5367063188
54,54,246.914527015,-24.7180766914,545.447206449,0.0461132458467,0.0183205316455,0.0290657733393,122.48092787,0.0102348196722,3.6133547806,0.149002058964,0.140392060592,0.307229039394,0.253967455413,0.24901362515,0.369712777004,0.12448982192,0.114043995298,0.296117856323,1.35020416908,309.163757798,0.000456271351479,1.74307529017,1.67573844232,3.6939322902,0.00319568102937,0.0030722284806,0.00677230031894,5023.07086432,29.9850148459,28.8266619084,63.5443662049,0.00596945885411,0.00573885232501,0.0126505016396,False,False,True,5,1.48187729044e-10,1,0,13.731986708,17.5246017312
55,55,246.833834318,-24.4125385684,205.017761677,0.0249322454394,0.0189946042026,0.0217618504269,120.632398059,0.00667325238702,3.12148399115,0.137622136188,0.234546299503,0.6018546704,0.247993414759,0.312366528305,0.636231031683,0.110427654083,0.219696110634,0.596224335883,7.87702501649,261.241001396,0.00149215472352,1.24438350864,1.97425356607,8.19037232811,0.00606963756929,0.00962967086327,0.0399495744229,3491.98500514,28.5909397462,45.3604249487,188.181890957,0.0081875894954,0.012989868193,0.0538896618054,False,True,False,55,1.30836946415e-10,0,0,13.8173782074,18.9175331335
56,56,246.552069375,-24.3870969677,228.06745866,0.0343307069276,0.0169273159809,0.024106570142,164.311262587,0.00682321311482,3.17958177789,0.627456985454,0.282572500228,1.25634107656,0.684370099287,0.393074270448,1.28571111252,0.617955648566,0.260795193369,1.25162287277,1.80463561204,57.284873369,0.000419488792504,10.4977350027,3.46308209101,37.0510352774,0.0460290786961,0.0151844638922,0.162456474479,2821.12839949,217.735972825,71.8285942505,768.484173798,0.0771804547656,0.0254609447281,0.272403118531,False,False,True,56,2.7553219186e-10,0,2,24.2384013679,25.1716243487
57,57,246.919784659,-24.5975484699,423.193810723,0.04842308531,0.0249145188961,0.0347338145611,119.942309226,0.0118094073141,3.39913483609,0.393137899935,0.197138110097,1.1216737211,0.45424752838,0.301076141743,1.14452406933,0.382557342467,0.175088966993,1.11800923454,1.34736589224,130.287531891,0.000650205296994,6.66370489278,2.92740825943,42.3039062011,0.0157462248358,0.00691741746985,0.0999634331343,3711.32618764,95.9253248885,42.1406098987,608.97293798,0.0258466435012,0.0113545961115,0.164084994741,False,False,True,57,1.53144201267e-10,0,0,16.811469102,19.4168930392
58,58,246.697060832,-24.5508665629,144.597591487,0.0238830750241,0.013548076695,0.0179880441444,38.5591970747,0.00449882183395,3.64964425753,0.155602486621,0.116076121273,0.265468328618,0.252932843532,0.230730482217,0.332018558207,0.133828282982,0.0846849538753,0.253320565652,1.88993099185,244.437437981,0.000244609785918,1.06997227947,0.890373079792,1.84368529531,0.00739965492141,0.00615759274157,0.0127504564658,2571.0652124,29.7412067395,24.7490242031,51.2475197559,0.0115676594261,0.00962598073504,0.0199324075907,False,True,False,41,2.79937651225e-10,1,0,12.9090109217,19.0894434808
59,59,246.737877636,-24.5181717317,104.920139146,0.0264276876325,0.0104855870912,0.016646615881,171.183099906,0.003711528013,3.66979603038,0.123205204349,0.150262575785,0.392753067992,0.21997074034,0.236191544956,0.432969486967,0.0995809328928,0.13158906299,0.385994575395,5.3031597161,204.476432375,0.000587823054355,0.748917398268,0.863441226194,2.90147390476,0.00713797564855,0.00822950896959,0.0276541179641,1685.93943415,22.494583993,25.9344371363,87.1490615722,0.0133424626872,0.0153827810246,0.0516916917695,False,True,False,41,6.50572375895e-10,0,0,10.7808393983,18.046137317
60,60,246.714825977,-24.4458006925,42.3397736987,0.0204422366683,0.0134531165977,0.0165834795329,43.6332192272,0.00329913601156,3.60489079376,0.324440643569,0.147267507271,0.636301950424,0.397988902303,0.273534556966,0.676767025844,0.311192020907,0.115180125778,0.629649835059,3.50369838384,201.827751182,0.000385423350453,2.44228145676,1.15366094077,7.06207244645,0.0576829123873,0.02724768793,0.166795233643,879.553774007,73.6359776582,34.7834403052,212.924930273,0.0837196995048,0.0395466898479,0.242082902223,False,True,False,60,3.29332975405e-10,0,0,17.2497548208,19.9607039337
61,61,246.778284611,-24.440880862,1.61391123019,0.010960131851,0.00449417118192,0.00701831238367,151.749970618,0.000637333093142,3.51628533566,0.309814469832,0.167943080803,0.47621711204,0.386423548196,0.285557404514,0.529264480844,0.295856894706,0.140538872975,0.467256925286,1.40451324403,217.88600431,2.76726798988e-05,0.974401606102,0.532105410729,1.82791636838,0.603751673497,0.329699304879,1.13260031543,62.5325502541,69.4185120891,37.9083589929,130.224779723,1.11011803944,0.606218023076,2.08251189491,False,True,False,61,7.97709029588e-10,0,0,17.3162163734,20.0268616159
62,62,246.799726903,-24.4360291643,1.88737444649,0.00814083582699,0.005763802877,0.00684997612848,42.826913685,0.000637333093142,3.56896511037,0.428295378933,0.159727155396,0.694103390414,0.486969917187,0.281452540939,0.731766551035,0.418240886497,0.130388924736,0.687944782745,6.20072811272,192.512265794,0.000116380654795,1.51032862354,0.504519009234,3.41045477378,0.800227335038,0.267312620541,1.80698365399,98.4535431484,110.243349408,36.8263333894,248.939172182,1.11974994381,0.374047822067,2.52849378723,False,True,False,62,1.69788836457e-09,0,0,17.4345887733,19.5429081988
63,63,246.552580282,-24.3892117741,149.647652688,0.0279878804905,0.016808953289,0.0216897896675,163.812331971,0.00554854692853,3.16937038555,0.629837888975,0.28298856684,1.1451692114,0.686167485785,0.39269909743,1.17709072501,0.620440730638,0.261406700005,1.1400278315,1.97722947458,78.2833654537,0.000372072650729,9.49497311215,3.10994905892,27.9417333887,0.063448860985,0.020781809825,0.186716817048,2270.60805539,218.881170765,71.6915448833,644.121815309,0.0963976016225,0.0315737208423,0.283678115991,False,True,False,56,3.57713576521e-10,0,2,24.066300642,25.3097686336
64,64,246.619978806,-24.3966546583,205.438202433,0.0229017043666,0.0106351062827,0.0156064749381,148.019437554,0.00307419491986,3.53871591955,0.240283023907,0.164530007534,0.448379615224,0.33515491497,0.285767403371,0.505605740473,0.221547652107,0.135711288975,0.438624794015,5.53534759968,239.202661462,0.000539280265662,1.62994943998,1.18497264576,3.70942795113,0.00793401334647,0.00576802479638,0.0180561741059,3809.39211218,52.2202946677,37.9641350933,118.842594687,0.0137083012538,0.00996592998971,0.031197259612,False,True,False,50,3.83530849219e-10,0,5,17.7235649494,26.3556827323
65,65,246.804163773,-24.7078697158,2.7247657375,0.010086077694,0.0065475854409,0.00812646635785,30.3640490806,0.000862274184839,3.50870914105,0.35058712721,0.146780450366,0.689226817819,0.421611230512,0.276385955755,0.727927401826,0.337962800082,0.113366754754,0.682891738766,6.1960343608,164.638061744,0.000163673094093,1.34308720504,0.577180715897,4.00364909877,0.492918413701,0.211827647402,1.46935534445,114.722641038,82.636606484,35.5124041915,246.333949005,0.720316458344,0.309550092905,2.14721302419,False,True,False,65,9.07928421333e-10,0,0,17.8053151505,19.0780189086
66,66,246.757025448,-24.4403199036,5.47837263454,0.013393832532,0.00667584845348,0.00945596088163,118.390821154,0.00112470545849,3.61273137683,0.294657727815,0.146383170939,0.675422727773,0.374576266932,0.273700997297,0.713918807974,0.279904135542,0.113803256836,0.669118083543,6.52482640369,340.884533694,0.000233367453209,1.23357145077,0.658622488079,4.48106705129,0.225171147174,0.120222287167,0.81795586942,173.69566543,65.2271866503,34.8257832453,236.944034952,0.375525701742,0.200498861955,1.36413326358,False,True,False,66,4.20057002847e-10,0,0,17.3636315636,19.7194244979
67,67,246.942962112,-24.6054748305,3.13823085158,0.0145660178677,0.0068513819273,0.00998986244007,30.8985076449,0.00104972509459,3.47870789517,0.370980847504,0.133107737223,1.03286866003,0.433281705553,0.26043025335,1.0568462121,0.360118478904,0.0988746648125,1.02901710312,4.40738750746,115.518077583,0.000175938240238,1.74372639293,0.629970921419,10.3743579125,0.555639937084,0.200740783968,3.30579820386,91.492674964,87.2747949927,31.5305103147,519.244282626,0.953899260537,0.344623329978,5.67525523579,False,True,False,57,1.34765642023e-09,0,0,16.266979084,19.4659468445
68,68,246.677620115,-24.4268718837,10.0643051713,0.0129625674567,0.0123494801859,0.0126523108548,132.862527476,0.00149960727798,3.61749333518,0.240093340479,0.100739044589,0.498900931382,0.339266632585,0.260010367,0.553497222375,0.220314084933,0.0322775306112,0.489689312944,0.420133256948,96.5740062523,2.69021357148e-05,1.35403620998,0.795296938624,3.60395096785,0.134538469068,0.0790215444671,0.358092377616,329.712220024,53.5094428803,31.4289202879,142.42263762,0.162291354796,0.0953222791852,0.431960446021,False,True,False,50,1.0282161313e-09,0,0,18.653410571,22.4963975619
69,69,246.943018127,-24.7452206842,22.4776588259,0.0151034323535,0.00885166519549,0.0115624619565,100.644893186,0.00224941091697,3.49726883761,0.133410608229,0.0953418270068,0.184873692524,0.241062186351,0.222267071959,0.272930154962,0.106813589144,0.0519693795897,0.166700433788,2.43853094399,339.572144967,0.000130403394312,0.624721751848,0.53110293579,0.800813690188,0.0277930080124,0.0236280361716,0.03562709517,632.000899312,27.0150835608,22.9666890057,34.6298951382,0.042745324556,0.0363396460838,0.0547940599071,False,True,False,5,5.56298693137e-10,0,0,13.0874701602,17.4117451771
70,70,246.829439132,-24.725504012,4.26815174317,0.0146872782165,0.00933875354057,0.0117115699821,55.2647662291,0.00101223491264,3.48022326297,0.42605597791,0.105580018584,0.705094770726,0.484096926459,0.25292939374,0.741609583001,0.41611433926,0.0526743519062,0.699132378545,1.60152963438,92.1820347933,8.7866880119e-05,2.55186618486,0.696613445325,5.98885657712,0.597885534164,0.163211967906,1.40314987317,123.407287211,108.946374771,29.7403954547,255.681201849,0.882819623004,0.240993835347,2.07184849151,False,True,False,5,8.58666587246e-10,0,0,17.1499908505,19.2555988255
71,71,246.687645496,-24.4735907616,2.46021286445,0.00865935486306,0.00516723849989,0.00668916675174,143.724644497,0.000712313457041,3.35711865644,0.371489660824,0.160870977852,0.59240064154,0.449499601005,0.299874631671,0.644192396185,0.357566577094,0.125414355122,0.583770339305,7.42340945191,151.543788701,0.000132864039344,1.25663390216,0.559280408222,2.5809603904,0.510782591343,0.227330088507,1.04908011323,120.650582646,93.930525938,41.804938416,192.920918718,0.778533546034,0.346495951361,1.59900528027,False,True,False,41,3.10661896711e-09,0,0,20.7922962151,21.1249553629
72,72,246.909993866,-24.5937424534,13.9857022863,0.0197998773929,0.00901575743056,0.0133607968224,118.289924286,0.00202446982528,3.30345040264,0.429600813534,0.16425113162,0.98617967408,0.483726331521,0.276428542404,1.01093256669,0.420383023591,0.138359899437,0.982199255295,5.49036344534,179.508195238,0.000392035869818,2.90676515746,0.949240492074,12.695647718,0.207838340754,0.0678722078193,0.907759042639,299.960489865,108.779633285,35.5233488202,475.108179804,0.362646538327,0.118426759591,1.58390253336,False,True,False,57,1.0348446831e-09,0,0,16.0488331937,19.3113455379
73,73,246.54119522,-24.3580574844,2.83312611335,0.0126297032377,0.00517546388733,0.00808483599181,62.7677898714,0.000749803638991,3.23299664957,0.57535731729,0.181547996201,1.25179536386,0.641399251466,0.33662535874,1.28349078306,0.564180873399,0.142210021712,1.24669789778,1.49502552586,127.424464107,3.90886820575e-05,3.09247530582,0.851810523852,12.3832560058,1.09154170414,0.300660997701,4.37088061399,95.2609782567,191.251579435,52.6795178476,765.83223323,2.00765920039,0.553002066656,8.03930683103,False,True,False,56,1.670236671e-09,0,0,26.0878636237,24.444839112
74,74,247.249643983,-24.3456857548,74.2845234167,0.0189207368607,0.0131693351228,0.0157852312143,93.7136650865,0.0043863512881,3.28474195741,0.120615936189,0.124776782667,0.131681472274,0.214521010899,0.216887771778,0.220932275131,0.0977766501512,0.102865517764,0.111139909089,1.71334240699,329.646449786,0.000170767826483,0.675411958669,0.690397500166,0.716386521111,0.00909222981589,0.00929396149308,0.00964381930664,1667.25708481,21.3937936511,21.8684633374,22.6916701879,0.0128317305387,0.013116431495,0.0136101806942,False,True,False,74,2.5666177823e-10,0,0,10.2170708196,15.6676048954
75,75,246.53166291,-24.341069932,10.0739123848,0.0149996536546,0.00580160971591,0.00932856561203,10.6246252217,0.00127466618628,3.11695288309,0.525780770045,0.238991365015,0.789567754214,0.586477408841,0.353025785862,0.831220531163,0.515505119893,0.215446009568,0.782762638979,6.8058599949,104.556022327,0.000236904190658,2.98329070143,1.08095062256,5.99274119628,0.2961402271,0.107301967822,0.594877240078,285.206365415,159.900826424,57.937665206,321.203786601,0.560649571028,0.203142959736,1.12621534984,False,True,False,75,8.63538828342e-10,0,0,21.9172106511,23.494981023
76,76,246.81380312,-24.6785356116,22.6010543336,0.0176826620439,0.00725394106182,0.011325589975,158.075493014,0.00187450909748,3.16766585569,0.437656672608,0.189071488711,0.72062448425,0.492085628721,0.293858691822,0.754920227718,0.428395680946,0.16651583774,0.715037861708,4.33137883103,142.55192634,0.00022223263221,2.54988342937,0.909318538031,6.00124127652,0.112821437077,0.0402334565729,0.265529261952,542.7793651,112.571770432,40.1444224996,264.94166263,0.207398765817,0.0739608486999,0.488120366517,False,True,False,5,4.84795893872e-10,0,0,16.428867538,18.7056532372
77,77,246.859382626,-24.547024363,13.9263688166,0.0141297642897,0.0101054330065,0.0119493676162,4.3605680542,0.00183701891553,3.36704517339,0.1426096225,0.0896582806914,0.271378374458,0.252289865345,0.226608205992,0.341992534787,0.116072243142,0.0342617643291,0.258421135594,2.71576962318,169.463994022,0.000155111058653,0.707168098451,0.570524522205,1.29944021456,0.0507790729776,0.0409672133288,0.0933078989698,418.547981137,29.5901892537,23.8725822374,54.3727608143,0.0706972452079,0.0570366679885,0.129908070914,False,True,False,77,2.92346356314e-10,0,0,14.0614467277,19.0410135546
78,78,246.579600343,-24.4206985586,3.77259577211,0.0135390486661,0.00561610184361,0.00871990115622,51.7514165944,0.000862274184839,3.03507182081,0.629969340198,0.236721693303,1.30314047175,0.690130201572,0.368042776878,1.33326419536,0.619898500673,0.208446495836,1.29830191814,9.25512995208,97.5750809203,0.000281491727647,3.86146193065,1.09821226129,14.411929312,1.02355570644,0.291102553158,3.82016261019,118.329873537,221.416611351,62.9716003438,826.381460855,1.87118100217,0.532169928536,6.98370949072,False,True,False,78,3.33431692554e-09,0,1,25.7831371087,24.2108649083
79,79,246.611230978,-24.3655935703,12.8198312541,0.0100618403806,0.00737973308414,0.00861705845078,127.299773467,0.00116219564044,3.2231949965,0.236212757241,0.109267602005,0.332823980141,0.340410792742,0.268369987107,0.413345911905,0.215113337811,0.0491598440649,0.318196610883,2.33725950858,352.70405761,6.94200631311e-05,0.928418550362,0.577038855829,1.36887710819,0.0724204969596,0.0450114236599,0.106778090995,541.062159023,53.8709674343,33.4823570668,79.4283290529,0.0995652099041,0.0618826441813,0.14680074688,False,True,False,50,1.34729560681e-09,0,2,19.5059424514,23.7456903626
